date,exchange_rate_usd
8/1/88,2.0443
15/1/88,2.0313
22/1/88,2.0205
29/1/88,2.0182
5/2/88,2.016
12/2/88,2.0173
19/2/88,2.0189
26/2/88,2.013
4/3/88,2.0154
11/3/88,2.0131
18/3/88,2.0184
25/3/88,2.0132
31/3/88,2.0045
8/4/88,2.003
15/4/88,2.0019
22/4/88,2.0037
29/4/88,2.0016
6/5/88,2.0039
13/5/88,2.0052
20/5/88,2.0128
27/5/88,2.0168
3/6/88,2.0217
10/6/88,2.018
17/6/88,2.0246
24/6/88,2.0346
1/7/88,2.0483
8/7/88,2.0443
15/7/88,2.0503
22/7/88,2.0384
29/7/88,2.0378
5/8/88,2.0472
12/8/88,2.0397
19/8/88,2.0374
26/8/88,2.0329
2/9/88,2.0429
9/9/88,2.0375
16/9/88,2.0433
23/9/88,2.0406
30/9/88,2.0408
7/10/88,2.0389
14/10/88,2.024
21/10/88,2.0056
28/10/88,1.9998
4/11/88,1.9838
11/11/88,1.9693
18/11/88,1.9487
25/11/88,1.9402
2/12/88,1.9491
9/12/88,1.9418
16/12/88,1.9458
23/12/88,1.9435
30/12/88,1.9462
6/1/89,1.9409
13/1/89,1.941
20/1/89,1.9418
27/1/89,1.9342
3/2/89,1.929
10/2/89,1.9277
17/2/89,1.9228
24/2/89,1.9257
3/3/89,1.9331
10/3/89,1.94
17/3/89,1.938
23/3/89,1.9407
31/3/89,1.9589
7/4/89,1.9479
14/4/89,1.9516
21/4/89,1.9411
28/4/89,1.9485
5/5/89,1.9513
12/5/89,1.9548
18/5/89,1.9663
26/5/89,1.9512
2/6/89,1.9512
9/6/89,1.9516
16/6/89,1.9608
23/6/89,1.9527
30/6/89,1.966
7/7/89,1.9608
14/7/89,1.9568
21/7/89,1.9593
28/7/89,1.9569
4/8/89,1.9498
11/8/89,1.9515
18/8/89,1.9616
25/8/89,1.9683
1/9/89,1.9687
8/9/89,1.9787
15/9/89,1.9804
22/9/89,1.9802
29/9/89,1.9603
6/10/89,1.9664
13/10/89,1.9693
20/10/89,1.9567
27/10/89,1.961
3/11/89,1.958
10/11/89,1.9587
17/11/89,1.9601
24/11/89,1.9582
1/12/89,1.9468
8/12/89,1.9318
15/12/89,1.917
22/12/89,1.9026
29/12/89,1.8944
5/1/90,1.8983
12/1/90,1.895
19/1/90,1.8861
26/1/90,1.8773
2/2/90,1.8675
9/2/90,1.861
16/2/90,1.8663
23/2/90,1.8638
2/3/90,1.8764
9/3/90,1.8737
16/3/90,1.8731
23/3/90,1.8834
30/3/90,1.8843
6/4/90,1.8749
12/4/90,1.878
20/4/90,1.8767
27/4/90,1.8763
4/5/90,1.8765
11/5/90,1.8581
18/5/90,1.8545
25/5/90,1.8477
1/6/90,1.8525
8/6/90,1.8488
15/6/90,1.8484
22/6/90,1.8413
29/6/90,1.8396
6/7/90,1.8299
13/7/90,1.8133
20/7/90,1.8151
27/7/90,1.8207
3/8/90,1.8088
10/8/90,1.8038
17/8/90,1.7926
24/8/90,1.7765
31/8/90,1.7655
7/9/90,1.7635
14/9/90,1.7719
21/9/90,1.7661
28/9/90,1.7632
5/10/90,1.748
12/10/90,1.7271
19/10/90,1.7065
26/10/90,1.718
2/11/90,1.7058
9/11/90,1.71
16/11/90,1.7099
30/11/90,1.7185
7/12/90,1.7161
14/12/90,1.7101
21/12/90,1.7428
28/12/90,1.741
4/1/91,1.7448
11/1/91,1.759
18/1/91,1.7456
25/1/91,1.7273
1/2/91,1.7295
8/2/91,1.7155
14/2/91,1.7061
22/2/91,1.7172
1/3/91,1.7315
8/3/91,1.7438
15/3/91,1.753
22/3/91,1.7664
28/3/91,1.7931
5/4/91,1.7586
12/4/91,1.756
19/4/91,1.7765
26/4/91,1.772
3/5/91,1.7641
10/5/91,1.7665
17/5/91,1.7683
24/5/91,1.769
31/5/91,1.7649
7/6/91,1.7755
14/6/91,1.7882
21/6/91,1.7805
28/6/91,1.7655
5/7/91,1.7679
12/7/91,1.7639
19/7/91,1.7503
26/7/91,1.7526
2/8/91,1.7423
8/8/91,1.72
16/8/91,1.7252
23/8/91,1.7239
30/8/91,1.7195
6/9/91,1.7171
13/9/91,1.7017
20/9/91,1.696
27/9/91,1.6948
4/10/91,1.6875
11/10/91,1.694
18/10/91,1.6925
25/10/91,1.694
1/11/91,1.6879
8/11/91,1.6798
15/11/91,1.6756
22/11/91,1.6639
29/11/91,1.6643
6/12/91,1.6562
13/12/91,1.6526
20/12/91,1.6428
27/12/91,1.6283
3/1/92,1.6294
10/1/92,1.6335
17/1/92,1.6491
24/1/92,1.6377
31/1/92,1.6353
7/2/92,1.6266
14/2/92,1.6379
21/2/92,1.6441
28/2/92,1.6438
6/3/92,1.6553
13/3/92,1.6804
20/3/92,1.665
27/3/92,1.6642
3/4/92,1.6575
10/4/92,1.6483
16/4/92,1.6575
24/4/92,1.6577
30/4/92,1.6553
8/5/92,1.6503
15/5/92,1.6393
22/5/92,1.632
29/5/92,1.634
5/6/92,1.6275
12/6/92,1.6225
19/6/92,1.6228
26/6/92,1.6194
3/7/92,1.6166
10/7/92,1.6159
17/7/92,1.6106
24/7/92,1.6151
31/7/92,1.6126
7/8/92,1.6111
14/8/92,1.6096
21/8/92,1.6092
28/8/92,1.5996
4/9/92,1.5968
11/9/92,1.5966
18/9/92,1.6025
25/9/92,1.602
2/10/92,1.5916
9/10/92,1.6052
16/10/92,1.6068
23/10/92,1.6136
30/10/92,1.6187
6/11/92,1.6295
13/11/92,1.6343
20/11/92,1.634
27/11/92,1.6348
4/12/92,1.6413
11/12/92,1.6384
18/12/92,1.6392
24/12/92,1.6389
31/12/92,1.6449
8/1/93,1.6625
15/1/93,1.6586
22/1/93,1.6538
29/1/93,1.6423
5/2/93,1.653
12/2/93,1.6496
19/2/93,1.6457
26/2/93,1.6451
5/3/93,1.6435
12/3/93,1.6469
19/3/93,1.6426
26/3/93,1.6453
2/4/93,1.634
8/4/93,1.6265
16/4/93,1.6286
23/4/93,1.6175
30/4/93,1.6151
7/5/93,1.6109
14/5/93,1.6177
21/5/93,1.6151
28/5/93,1.6082
4/6/93,1.6044
11/6/93,1.6083
18/6/93,1.6169
25/6/93,1.6273
2/7/93,1.624
9/7/93,1.6233
16/7/93,1.6215
23/7/93,1.6176
30/7/93,1.6179
6/8/93,1.6139
13/8/93,1.6089
20/8/93,1.612
27/8/93,1.6067
3/9/93,1.6056
10/9/93,1.6
17/9/93,1.5949
24/9/93,1.5945
1/10/93,1.585
8/10/93,1.5662
15/10/93,1.5695
22/10/93,1.5718
29/10/93,1.5785
5/11/93,1.5928
12/11/93,1.5943
19/11/93,1.5998
26/11/93,1.5992
3/12/93,1.6012
10/12/93,1.5984
17/12/93,1.5942
24/12/93,1.5944
31/12/93,1.608
7/1/94,1.5968
14/1/94,1.6066
21/1/94,1.6057
28/1/94,1.5943
4/2/94,1.5876
9/2/94,1.588
18/2/94,1.588
25/2/94,1.5858
4/3/94,1.5829
11/3/94,1.5841
18/3/94,1.5835
25/3/94,1.5811
31/3/94,1.5692
8/4/94,1.5707
15/4/94,1.5618
22/4/94,1.5593
29/4/94,1.5549
6/5/94,1.5568
13/5/94,1.5533
20/5/94,1.5401
27/5/94,1.5372
3/6/94,1.5358
10/6/94,1.5347
17/6/94,1.5327
24/6/94,1.5272
1/7/94,1.5236
8/7/94,1.5208
15/7/94,1.5143
22/7/94,1.5118
29/7/94,1.5132
5/8/94,1.5086
12/8/94,1.5058
19/8/94,1.5032
26/8/94,1.4996
2/9/94,1.4997
9/9/94,1.4992
16/9/94,1.4862
23/9/94,1.4768
30/9/94,1.4838
7/10/94,1.4823
14/10/94,1.4777
21/10/94,1.4728
28/10/94,1.4713
4/11/94,1.4689
11/11/94,1.4705
18/11/94,1.4718
25/11/94,1.4644
2/12/94,1.4658
9/12/94,1.4705
16/12/94,1.4659
23/12/94,1.4633
30/12/94,1.4607
6/1/95,1.4527
13/1/95,1.4635
20/1/95,1.4493
27/1/95,1.4514
3/2/95,1.4531
10/2/95,1.4525
17/2/95,1.4513
24/2/95,1.4516
2/3/95,1.4497
10/3/95,1.417
17/3/95,1.4118
24/3/95,1.4175
31/3/95,1.4191
7/4/95,1.4028
13/4/95,1.3975
21/4/95,1.399
28/4/95,1.3923
5/5/95,1.3899
12/5/95,1.4097
19/5/95,1.3936
26/5/95,1.3901
2/6/95,1.3905
9/6/95,1.3918
16/6/95,1.3962
23/6/95,1.3978
30/6/95,1.3965
7/7/95,1.3985
14/7/95,1.3985
21/7/95,1.401
28/7/95,1.3942
4/8/95,1.3987
11/8/95,1.3982
18/8/95,1.4273
25/8/95,1.4248
1/9/95,1.4226
8/9/95,1.4258
15/9/95,1.4354
22/9/95,1.4371
29/9/95,1.4205
6/10/95,1.4295
13/10/95,1.426
20/10/95,1.4233
27/10/95,1.4142
3/11/95,1.4173
10/11/95,1.4123
17/11/95,1.412
24/11/95,1.4118
1/12/95,1.4123
8/12/95,1.4129
15/12/95,1.4161
22/12/95,1.4151
29/12/95,1.4143
5/1/96,1.4264
12/1/96,1.4243
19/1/96,1.4224
26/1/96,1.419
2/2/96,1.4186
9/2/96,1.4167
16/2/96,1.4129
23/2/96,1.4074
1/3/96,1.4131
8/3/96,1.4092
15/3/96,1.4079
22/3/96,1.4107
29/3/96,1.408
4/4/96,1.405
12/4/96,1.409
19/4/96,1.4081
26/4/96,1.408
3/5/96,1.4056
10/5/96,1.4045
17/5/96,1.408
24/5/96,1.4098
30/5/96,1.4097
7/6/96,1.4087
14/6/96,1.4082
21/6/96,1.4088
28/6/96,1.4099
5/7/96,1.4135
12/7/96,1.4167
19/7/96,1.4186
26/7/96,1.416
2/8/96,1.4145
8/8/96,1.4171
16/8/96,1.4185
23/8/96,1.4108
30/8/96,1.4073
6/9/96,1.4059
13/9/96,1.4106
20/9/96,1.4084
27/9/96,1.408
4/10/96,1.4097
11/10/96,1.4083
18/10/96,1.4145
25/10/96,1.4161
1/11/96,1.4088
8/11/96,1.4024
15/11/96,1.4003
22/11/96,1.4006
29/11/96,1.4025
6/12/96,1.3999
13/12/96,1.3993
20/12/96,1.3996
27/12/96,1.3995
3/1/97,1.3998
10/1/97,1.4056
17/1/97,1.4052
24/1/97,1.4082
31/1/97,1.4085
6/2/97,1.4125
14/2/97,1.4182
21/2/97,1.4239
28/2/97,1.4248
7/3/97,1.4312
14/3/97,1.4353
21/3/97,1.4462
27/3/97,1.4477
4/4/97,1.4373
11/4/97,1.4373
17/4/97,1.4415
25/4/97,1.4446
2/5/97,1.4466
9/5/97,1.4418
16/5/97,1.4327
23/5/97,1.4327
30/5/97,1.43
6/6/97,1.4295
13/6/97,1.4241
20/6/97,1.427
27/6/97,1.4265
4/7/97,1.4327
11/7/97,1.4331
18/7/97,1.4612
25/7/97,1.4735
1/8/97,1.469
8/8/97,1.4775
15/8/97,1.5202
22/8/97,1.503
29/8/97,1.5285
5/9/97,1.5203
12/9/97,1.514
19/9/97,1.519
26/9/97,1.5185
3/10/97,1.5362
10/10/97,1.5295
17/10/97,1.552
24/10/97,1.5818
31/10/97,1.5885
7/11/97,1.573
14/11/97,1.5815
21/11/97,1.5935
28/11/97,1.5917
5/12/97,1.6195
12/12/97,1.644
19/12/97,1.675
26/12/97,1.668
2/1/98,1.692
9/1/98,1.7655
16/1/98,1.7555
23/1/98,1.7665
27/1/98,1.7545
6/2/98,1.665
13/2/98,1.6685
20/2/98,1.638
27/2/98,1.619
6/3/98,1.655
13/3/98,1.624
20/3/98,1.609
27/3/98,1.5943
3/4/98,1.632
9/4/98,1.594
17/4/98,1.607
24/4/98,1.5877
30/4/98,1.5847
8/5/98,1.622
15/5/98,1.648
22/5/98,1.6365
29/5/98,1.6775
5/6/98,1.6873
12/6/98,1.7435
19/6/98,1.673
26/6/98,1.6835
3/7/98,1.6965
10/7/98,1.7263
17/7/98,1.6845
24/7/98,1.7096
31/7/98,1.725
7/8/98,1.743
14/8/98,1.748
21/8/98,1.755
28/8/98,1.7715
4/9/98,1.749
11/9/98,1.732
18/9/98,1.7185
25/9/98,1.714
2/10/98,1.6867
9/10/98,1.6435
16/10/98,1.6183
23/10/98,1.625
30/10/98,1.622
6/11/98,1.6242
13/11/98,1.655
20/11/98,1.6263
27/11/98,1.6513
4/12/98,1.647
11/12/98,1.6465
18/12/98,1.651
24/12/98,1.659
31/12/98,1.6605
8/1/99,1.6757
15/1/99,1.68
22/1/99,1.6742
29/1/99,1.6898
5/2/99,1.687
12/2/99,1.6905
19/2/99,1.7063
26/2/99,1.7245
5/3/99,1.7315
12/3/99,1.7375
19/3/99,1.722
26/3/99,1.729
1/4/99,1.7265
9/4/99,1.732
16/4/99,1.695
23/4/99,1.708
30/4/99,1.7005
7/5/99,1.7015
14/5/99,1.7095
21/5/99,1.7205
28/5/99,1.7275
4/6/99,1.7253
11/6/99,1.7122
18/6/99,1.707
25/6/99,1.704
2/7/99,1.6989
9/7/99,1.7005
16/7/99,1.6988
23/7/99,1.699
30/7/99,1.6876
6/8/99,1.6751
13/8/99,1.672
20/8/99,1.6785
27/8/99,1.6895
3/9/99,1.6865
10/9/99,1.6877
17/9/99,1.6945
24/9/99,1.7105
1/10/99,1.6965
8/10/99,1.6793
15/10/99,1.676
22/10/99,1.6675
29/10/99,1.67
5/11/99,1.6682
12/11/99,1.6703
19/11/99,1.6701
26/11/99,1.6715
3/12/99,1.6867
10/12/99,1.6787
17/12/99,1.6745
24/12/99,1.6697
31/12/99,1.666
7/1/00,1.6635
14/1/00,1.6725
21/1/00,1.674
28/1/00,1.692
4/2/00,1.688
11/2/00,1.694
18/2/00,1.7039
25/2/00,1.7129
3/3/00,1.7203
10/3/00,1.7097
17/3/00,1.7103
24/3/00,1.7125
31/3/00,1.7189
7/4/00,1.7115
14/4/00,1.7118
20/4/00,1.6965
28/4/00,1.7049
5/5/00,1.7195
12/5/00,1.7278
19/5/00,1.7305
26/5/00,1.7325
2/6/00,1.7283
9/6/00,1.7262
16/6/00,1.7243
23/6/00,1.7335
30/6/00,1.7294
7/7/00,1.7365
14/7/00,1.742
21/7/00,1.7463
28/7/00,1.7315
4/8/00,1.7235
11/8/00,1.7145
18/8/00,1.72
25/8/00,1.7215
1/9/00,1.7203
8/9/00,1.7313
15/9/00,1.737
22/9/00,1.7458
29/9/00,1.741
6/10/00,1.7473
13/10/00,1.7525
20/10/00,1.75
27/10/00,1.7554
3/11/00,1.733
10/11/00,1.739
17/11/00,1.7478
24/11/00,1.7579
1/12/00,1.7516
8/12/00,1.7339
15/12/00,1.7368
22/12/00,1.7293
29/12/00,1.7315
5/1/01,1.7355
12/1/01,1.7342
19/1/01,1.7405
26/1/01,1.7437
2/2/01,1.739
9/2/01,1.7459
16/2/01,1.7442
23/2/01,1.7455
2/3/01,1.7461
9/3/01,1.7553
16/3/01,1.7705
23/3/01,1.7828
30/3/01,1.8005
6/4/01,1.8145
12/4/01,1.8088
20/4/01,1.809
27/4/01,1.8195
4/5/01,1.8211
11/5/01,1.8141
18/5/01,1.8065
25/5/01,1.8045
1/6/01,1.8083
8/6/01,1.8101
15/6/01,1.8137
22/6/01,1.8195
29/6/01,1.8207
6/7/01,1.8255
13/7/01,1.8355
20/7/01,1.824
27/7/01,1.8036
3/8/01,1.7782
10/8/01,1.7617
17/8/01,1.7493
24/8/01,1.7521
31/8/01,1.7393
7/9/01,1.751
14/9/01,1.7388
21/9/01,1.7389
28/9/01,1.7651
5/10/01,1.782
12/10/01,1.8183
19/10/01,1.818
26/10/01,1.8257
2/11/01,1.8331
9/11/01,1.8218
16/11/01,1.8308
23/11/01,1.8407
30/11/01,1.8308
7/12/01,1.8306
14/12/01,1.832
21/12/01,1.8426
28/12/01,1.85
4/1/02,1.8467
11/1/02,1.8443
18/1/02,1.8367
25/1/02,1.837
1/2/02,1.838
8/2/02,1.8319
15/2/02,1.8241
22/2/02,1.8325
1/3/02,1.8312
8/3/02,1.8192
15/3/02,1.8232
22/3/02,1.8288
28/3/02,1.8425
5/4/02,1.836
12/4/02,1.838
19/4/02,1.8215
26/4/02,1.8101
3/5/02,1.8092
10/5/02,1.8085
17/5/02,1.7955
24/5/02,1.7995
31/5/02,1.7855
7/6/02,1.7967
14/6/02,1.7865
21/6/02,1.7753
28/6/02,1.7645
5/7/02,1.7695
12/7/02,1.7512
19/7/02,1.7335
26/7/02,1.7527
2/8/02,1.7553
8/8/02,1.7668
16/8/02,1.7484
23/8/02,1.7574
30/8/02,1.7485
6/9/02,1.7445
13/9/02,1.7616
20/9/02,1.7752
27/9/02,1.7781
4/10/02,1.7832
11/10/02,1.7931
18/10/02,1.7879
25/10/02,1.7745
1/11/02,1.7695
8/11/02,1.7617
15/11/02,1.7624
22/11/02,1.7705
29/11/02,1.7627
5/12/02,1.7723
13/12/02,1.7557
20/12/02,1.7434
27/12/02,1.7371
2/1/03,1.7426
3/1/03,1.7453
6/1/03,1.7405
7/1/03,1.7402
8/1/03,1.742
9/1/03,1.7371
10/1/03,1.7385
13/1/03,1.7372
14/1/03,1.7337
15/1/03,1.7339
16/1/03,1.7323
17/1/03,1.7306
20/1/03,1.7341
21/1/03,1.7345
22/1/03,1.7333
23/1/03,1.7343
24/1/03,1.7308
27/1/03,1.7285
28/1/03,1.7309
29/1/03,1.7315
30/1/03,1.7316
31/1/03,1.7377
4/2/03,1.7454
5/2/03,1.7379
6/2/03,1.7428
7/2/03,1.7418
10/2/03,1.7493
11/2/03,1.757
13/2/03,1.754
14/2/03,1.7541
17/2/03,1.7553
18/2/03,1.753
19/2/03,1.7513
20/2/03,1.7483
21/2/03,1.7435
24/2/03,1.7419
25/2/03,1.7377
26/2/03,1.7352
27/2/03,1.7337
28/2/03,1.7377
3/3/03,1.7381
4/3/03,1.7341
5/3/03,1.7321
6/3/03,1.7352
7/3/03,1.7347
10/3/03,1.7348
11/3/03,1.7357
12/3/03,1.7412
13/3/03,1.7491
14/3/03,1.7535
17/3/03,1.7537
18/3/03,1.7626
19/3/03,1.767
20/3/03,1.7688
21/3/03,1.7649
24/3/03,1.7681
25/3/03,1.762
26/3/03,1.7672
27/3/03,1.7698
28/3/03,1.7697
31/3/03,1.7656
1/4/03,1.7664
2/4/03,1.7688
3/4/03,1.7697
4/4/03,1.7776
7/4/03,1.7835
8/4/03,1.7807
9/4/03,1.7829
10/4/03,1.7806
11/4/03,1.7749
14/4/03,1.7819
15/4/03,1.7776
16/4/03,1.7797
17/4/03,1.7688
21/4/03,1.7685
22/4/03,1.7766
23/4/03,1.7765
24/4/03,1.7796
25/4/03,1.7814
28/4/03,1.7829
29/4/03,1.7744
30/4/03,1.7741
2/5/03,1.7701
5/5/03,1.7656
6/5/03,1.7491
7/5/03,1.7419
8/5/03,1.7379
9/5/03,1.738
12/5/03,1.7329
13/5/03,1.7351
14/5/03,1.7348
16/5/03,1.7209
19/5/03,1.7224
20/5/03,1.7298
21/5/03,1.723
22/5/03,1.727
23/5/03,1.7221
26/5/03,1.7198
27/5/03,1.7203
28/5/03,1.7275
29/5/03,1.7348
30/5/03,1.7299
2/6/03,1.734
3/6/03,1.7258
4/6/03,1.7265
5/6/03,1.7245
6/6/03,1.7212
9/6/03,1.73
10/6/03,1.7292
11/6/03,1.7345
12/6/03,1.7382
13/6/03,1.7381
16/6/03,1.7273
17/6/03,1.7279
18/6/03,1.728
19/6/03,1.7327
20/6/03,1.732
23/6/03,1.7349
24/6/03,1.7407
25/6/03,1.7402
26/6/03,1.7427
27/6/03,1.7531
30/6/03,1.7567
1/7/03,1.7589
2/7/03,1.7574
3/7/03,1.7528
4/7/03,1.7513
7/7/03,1.7475
8/7/03,1.756
9/7/03,1.752
10/7/03,1.7561
11/7/03,1.7548
14/7/03,1.7565
15/7/03,1.756
16/7/03,1.762
17/7/03,1.758
18/7/03,1.7618
21/7/03,1.7578
22/7/03,1.7605
23/7/03,1.7572
24/7/03,1.7518
25/7/03,1.748
28/7/03,1.7465
29/7/03,1.7521
30/7/03,1.7561
31/7/03,1.7598
1/8/03,1.7602
4/8/03,1.7605
5/8/03,1.7629
6/8/03,1.7645
7/8/03,1.7618
8/8/03,1.7536
11/8/03,1.7566
12/8/03,1.7534
13/8/03,1.7573
14/8/03,1.7532
15/8/03,1.7488
18/8/03,1.748
19/8/03,1.7506
20/8/03,1.75
21/8/03,1.7402
22/8/03,1.7424
25/8/03,1.7443
26/8/03,1.7487
27/8/03,1.755
28/8/03,1.7532
29/8/03,1.7573
1/9/03,1.7546
2/9/03,1.7538
3/9/03,1.758
4/9/03,1.754
5/9/03,1.7606
8/9/03,1.7597
9/9/03,1.7565
10/9/03,1.7515
11/9/03,1.7485
12/9/03,1.7493
15/9/03,1.7522
16/9/03,1.752
17/9/03,1.7492
18/9/03,1.7483
19/9/03,1.7477
22/9/03,1.7313
23/9/03,1.7305
24/9/03,1.736
25/9/03,1.7331
26/9/03,1.7313
29/9/03,1.7295
30/9/03,1.7285
1/10/03,1.7286
2/10/03,1.7243
3/10/03,1.7255
6/10/03,1.7295
7/10/03,1.7258
8/10/03,1.7213
9/10/03,1.7233
10/10/03,1.7247
13/10/03,1.7181
14/10/03,1.7301
15/10/03,1.7416
16/10/03,1.7393
17/10/03,1.7387
20/10/03,1.7407
21/10/03,1.744
22/10/03,1.7432
23/10/03,1.7335
27/10/03,1.743
28/10/03,1.7451
29/10/03,1.7395
30/10/03,1.734
31/10/03,1.7365
3/11/03,1.7414
4/11/03,1.7445
5/11/03,1.7418
6/11/03,1.7423
7/11/03,1.741
10/11/03,1.7387
11/11/03,1.7343
12/11/03,1.7347
13/11/03,1.7291
14/11/03,1.72
17/11/03,1.7194
18/11/03,1.7217
19/11/03,1.7124
20/11/03,1.7137
21/11/03,1.722
24/11/03,1.724
26/11/03,1.7191
27/11/03,1.7223
28/11/03,1.726
1/12/03,1.7233
2/12/03,1.722
3/12/03,1.7191
4/12/03,1.7163
5/12/03,1.717
8/12/03,1.7123
9/12/03,1.7104
10/12/03,1.713
11/12/03,1.7143
12/12/03,1.711
15/12/03,1.7088
16/12/03,1.7078
17/12/03,1.709
18/12/03,1.7083
19/12/03,1.7077
22/12/03,1.7087
23/12/03,1.7075
24/12/03,1.7083
26/12/03,1.7029
29/12/03,1.7053
30/12/03,1.7012
31/12/03,1.7008
2/1/04,1.6995
5/1/04,1.6999
6/1/04,1.6991
7/1/04,1.6973
8/1/04,1.6975
9/1/04,1.6946
12/1/04,1.6917
13/1/04,1.6945
14/1/04,1.6934
15/1/04,1.695
16/1/04,1.6994
19/1/04,1.7081
20/1/04,1.7125
21/1/04,1.7025
26/1/04,1.6965
27/1/04,1.697
28/1/04,1.6959
29/1/04,1.6995
30/1/04,1.702
3/2/04,1.6953
4/2/04,1.6939
5/2/04,1.6936
6/2/04,1.696
9/2/04,1.6871
10/2/04,1.6828
11/2/04,1.674
12/2/04,1.6719
13/2/04,1.674
16/2/04,1.6741
17/2/04,1.6771
18/2/04,1.675
19/2/04,1.6789
20/2/04,1.6823
23/2/04,1.6977
24/2/04,1.6965
25/2/04,1.6884
26/2/04,1.6946
27/2/04,1.7032
1/3/04,1.6985
2/3/04,1.7028
3/3/04,1.7088
4/3/04,1.7087
5/3/04,1.7163
8/3/04,1.7129
9/3/04,1.7009
10/3/04,1.7087
11/3/04,1.7129
12/3/04,1.7095
15/3/04,1.713
16/3/04,1.707
17/3/04,1.7016
18/3/04,1.6921
19/3/04,1.6933
22/3/04,1.6954
23/3/04,1.6886
24/3/04,1.6885
25/3/04,1.6914
26/3/04,1.6905
29/3/04,1.6895
30/3/04,1.6844
31/3/04,1.679
1/4/04,1.6753
2/4/04,1.672
5/4/04,1.6772
6/4/04,1.6828
7/4/04,1.6791
8/4/04,1.6755
12/4/04,1.6691
13/4/04,1.6631
14/4/04,1.6726
15/4/04,1.6846
16/4/04,1.6813
19/4/04,1.6776
20/4/04,1.6783
21/4/04,1.6885
22/4/04,1.6945
23/4/04,1.6987
26/4/04,1.7003
27/4/04,1.696
28/4/04,1.6944
29/4/04,1.6998
30/4/04,1.7038
3/5/04,1.6995
4/5/04,1.6972
5/5/04,1.6912
6/5/04,1.6867
7/5/04,1.6917
10/5/04,1.7119
11/5/04,1.7211
12/5/04,1.713
13/5/04,1.719
14/5/04,1.7291
17/5/04,1.7201
18/5/04,1.7261
19/5/04,1.7202
20/5/04,1.7152
21/5/04,1.7168
24/5/04,1.7174
25/5/04,1.7197
26/5/04,1.7127
27/5/04,1.7066
28/5/04,1.6992
31/5/04,1.6981
1/6/04,1.7011
3/6/04,1.7043
4/6/04,1.7097
7/6/04,1.7059
8/6/04,1.7045
9/6/04,1.705
10/6/04,1.7127
11/6/04,1.7145
14/6/04,1.7228
15/6/04,1.7183
16/6/04,1.7134
17/6/04,1.717
18/6/04,1.7189
21/6/04,1.716
22/6/04,1.7214
23/6/04,1.718
24/6/04,1.7156
25/6/04,1.7052
28/6/04,1.7065
29/6/04,1.7111
30/6/04,1.7163
1/7/04,1.7167
2/7/04,1.7176
5/7/04,1.7125
6/7/04,1.7167
7/7/04,1.7138
8/7/04,1.7073
9/7/04,1.7041
12/7/04,1.6992
13/7/04,1.7006
14/7/04,1.7015
15/7/04,1.7069
16/7/04,1.7058
19/7/04,1.6994
20/7/04,1.7023
21/7/04,1.7065
22/7/04,1.7163
23/7/04,1.7191
26/7/04,1.723
27/7/04,1.7221
28/7/04,1.7246
29/7/04,1.7248
30/7/04,1.7243
2/8/04,1.7157
3/8/04,1.7176
4/8/04,1.7216
5/8/04,1.7211
6/8/04,1.7232
10/8/04,1.7125
11/8/04,1.7165
12/8/04,1.712
13/8/04,1.718
16/8/04,1.7156
17/8/04,1.7133
18/8/04,1.7141
19/8/04,1.7137
20/8/04,1.7082
23/8/04,1.7051
24/8/04,1.7116
25/8/04,1.7112
26/8/04,1.7128
27/8/04,1.7111
30/8/04,1.7143
31/8/04,1.713
1/9/04,1.7086
2/9/04,1.7062
3/9/04,1.7025
6/9/04,1.7044
7/9/04,1.7041
8/9/04,1.6989
9/9/04,1.6985
10/9/04,1.6989
13/9/04,1.6996
14/9/04,1.6931
15/9/04,1.6907
16/9/04,1.6896
17/9/04,1.6889
20/9/04,1.6906
21/9/04,1.6922
22/9/04,1.6887
23/9/04,1.695
24/9/04,1.6919
27/9/04,1.6903
28/9/04,1.6947
29/9/04,1.6938
30/9/04,1.6908
1/10/04,1.6863
4/10/04,1.6865
5/10/04,1.6859
6/10/04,1.6888
7/10/04,1.6907
8/10/04,1.6849
11/10/04,1.6834
12/10/04,1.6849
13/10/04,1.6843
14/10/04,1.6848
15/10/04,1.6807
18/10/04,1.6782
19/10/04,1.6797
20/10/04,1.6744
21/10/04,1.6722
22/10/04,1.6709
25/10/04,1.6629
26/10/04,1.6626
27/10/04,1.6677
28/10/04,1.662
29/10/04,1.6621
1/11/04,1.664
2/11/04,1.6658
3/11/04,1.6677
4/11/04,1.6626
5/11/04,1.6542
8/11/04,1.6513
9/11/04,1.6523
10/11/04,1.6537
12/11/04,1.6531
16/11/04,1.6533
17/11/04,1.6509
18/11/04,1.6457
19/11/04,1.6505
22/11/04,1.6446
23/11/04,1.6473
24/11/04,1.643
25/11/04,1.6412
26/11/04,1.639
29/11/04,1.639
30/11/04,1.6417
1/12/04,1.635
2/12/04,1.6324
3/12/04,1.6441
6/12/04,1.6333
7/12/04,1.6345
8/12/04,1.6421
9/12/04,1.6457
10/12/04,1.6574
13/12/04,1.6511
14/12/04,1.6473
15/12/04,1.6499
16/12/04,1.6413
17/12/04,1.6455
20/12/04,1.645
21/12/04,1.6414
22/12/04,1.6409
23/12/04,1.6402
24/12/04,1.6408
27/12/04,1.6428
28/12/04,1.6361
29/12/04,1.6365
30/12/04,1.6369
31/12/04,1.6338
3/1/05,1.6391
4/1/05,1.6363
5/1/05,1.6473
6/1/05,1.6475
7/1/05,1.6464
10/1/05,1.6483
11/1/05,1.6413
12/1/05,1.6401
13/1/05,1.6327
14/1/05,1.6348
17/1/05,1.6343
18/1/05,1.6376
19/1/05,1.6326
20/1/05,1.6345
24/1/05,1.6339
25/1/05,1.6325
26/1/05,1.6362
27/1/05,1.6338
28/1/05,1.6335
31/1/05,1.6397
1/2/05,1.6388
2/2/05,1.6378
3/2/05,1.6375
4/2/05,1.6381
7/2/05,1.6367
8/2/05,1.6453
11/2/05,1.6521
14/2/05,1.6445
15/2/05,1.6426
16/2/05,1.6404
17/2/05,1.6413
18/2/05,1.641
21/2/05,1.639
22/2/05,1.6336
23/2/05,1.628
24/2/05,1.6277
25/2/05,1.6328
28/2/05,1.6266
1/3/05,1.6247
2/3/05,1.6241
3/3/05,1.6275
4/3/05,1.6302
7/3/05,1.6264
8/3/05,1.6236
9/3/05,1.6218
10/3/05,1.6177
11/3/05,1.6225
14/3/05,1.6197
15/3/05,1.6231
16/3/05,1.623
17/3/05,1.6235
18/3/05,1.6242
21/3/05,1.6288
22/3/05,1.6339
23/3/05,1.6387
24/3/05,1.6448
28/3/05,1.6491
29/3/05,1.6492
30/3/05,1.6518
31/3/05,1.6498
1/4/05,1.6577
4/4/05,1.6635
5/4/05,1.6677
6/4/05,1.6587
7/4/05,1.658
8/4/05,1.66
11/4/05,1.6573
12/4/05,1.6459
13/4/05,1.6437
14/4/05,1.651
15/4/05,1.6589
18/4/05,1.6579
19/4/05,1.6523
20/4/05,1.649
21/4/05,1.6489
22/4/05,1.6495
25/4/05,1.6471
26/4/05,1.6475
27/4/05,1.6497
28/4/05,1.6465
29/4/05,1.6474
3/5/05,1.6384
4/5/05,1.6378
5/5/05,1.6378
6/5/05,1.6377
9/5/05,1.6431
10/5/05,1.6439
11/5/05,1.6443
12/5/05,1.6478
13/5/05,1.6543
16/5/05,1.6601
17/5/05,1.6568
18/5/05,1.6584
19/5/05,1.654
20/5/05,1.6567
24/5/05,1.6574
25/5/05,1.6547
26/5/05,1.6596
27/5/05,1.6586
30/5/05,1.6585
31/5/05,1.6638
1/6/05,1.6658
2/6/05,1.6733
3/6/05,1.6691
6/6/05,1.6662
7/6/05,1.6636
8/6/05,1.66
9/6/05,1.6615
10/6/05,1.6665
13/6/05,1.6717
14/6/05,1.6748
15/6/05,1.6757
16/6/05,1.6736
17/6/05,1.6724
20/6/05,1.6691
21/6/05,1.6757
22/6/05,1.6713
23/6/05,1.6703
24/6/05,1.6757
27/6/05,1.6748
28/6/05,1.6785
29/6/05,1.6832
30/6/05,1.6832
1/7/05,1.6846
4/7/05,1.695
5/7/05,1.6946
6/7/05,1.6971
7/7/05,1.6991
8/7/05,1.7009
11/7/05,1.6962
12/7/05,1.692
13/7/05,1.6868
14/7/05,1.6906
15/7/05,1.6897
18/7/05,1.6875
19/7/05,1.6858
20/7/05,1.6926
21/7/05,1.6836
22/7/05,1.6624
25/7/05,1.6587
26/7/05,1.6645
27/7/05,1.6715
28/7/05,1.6649
29/7/05,1.6621
1/8/05,1.6615
2/8/05,1.6586
3/8/05,1.6566
4/8/05,1.6487
5/8/05,1.6543
8/8/05,1.6558
10/8/05,1.6501
11/8/05,1.645
12/8/05,1.6477
15/8/05,1.6532
16/8/05,1.6586
17/8/05,1.6597
18/8/05,1.6602
19/8/05,1.6677
22/8/05,1.6676
23/8/05,1.6677
24/8/05,1.6745
25/8/05,1.6718
26/8/05,1.6741
29/8/05,1.675
30/8/05,1.6832
31/8/05,1.6841
1/9/05,1.6831
2/9/05,1.6745
5/9/05,1.672
6/9/05,1.6748
7/9/05,1.6765
8/9/05,1.677
9/9/05,1.6782
12/9/05,1.6746
13/9/05,1.6783
14/9/05,1.678
15/9/05,1.6798
16/9/05,1.6793
19/9/05,1.6818
20/9/05,1.6786
21/9/05,1.6822
22/9/05,1.6798
23/9/05,1.6825
26/9/05,1.6863
27/9/05,1.6913
28/9/05,1.6919
29/9/05,1.6885
30/9/05,1.6891
3/10/05,1.6952
4/10/05,1.693
5/10/05,1.6921
6/10/05,1.6869
7/10/05,1.6822
10/10/05,1.6839
11/10/05,1.6865
12/10/05,1.6914
13/10/05,1.6942
14/10/05,1.6903
17/10/05,1.6865
18/10/05,1.6929
19/10/05,1.6954
20/10/05,1.6956
21/10/05,1.6923
24/10/05,1.6965
25/10/05,1.693
26/10/05,1.6896
27/10/05,1.6901
28/10/05,1.687
31/10/05,1.6919
2/11/05,1.6945
4/11/05,1.6995
7/11/05,1.6999
8/11/05,1.7016
9/11/05,1.7015
10/11/05,1.7017
11/11/05,1.7017
14/11/05,1.7015
15/11/05,1.7046
16/11/05,1.7023
17/11/05,1.7017
18/11/05,1.7013
21/11/05,1.7007
22/11/05,1.7003
23/11/05,1.6952
24/11/05,1.6927
25/11/05,1.6917
28/11/05,1.6964
29/11/05,1.6917
30/11/05,1.6922
1/12/05,1.6912
2/12/05,1.6922
5/12/05,1.6896
6/12/05,1.6846
7/12/05,1.6855
8/12/05,1.6854
9/12/05,1.6831
12/12/05,1.6832
13/12/05,1.6773
14/12/05,1.6707
15/12/05,1.6693
16/12/05,1.6688
19/12/05,1.6656
20/12/05,1.6627
21/12/05,1.6672
22/12/05,1.6697
23/12/05,1.6695
27/12/05,1.6668
28/12/05,1.6665
29/12/05,1.6661
30/12/05,1.6642
3/1/06,1.6574
4/1/06,1.6476
5/1/06,1.6465
6/1/06,1.6479
9/1/06,1.6347
11/1/06,1.6366
12/1/06,1.6247
13/1/06,1.6308
16/1/06,1.6254
17/1/06,1.6321
18/1/06,1.6333
19/1/06,1.6313
20/1/06,1.6325
23/1/06,1.6217
24/1/06,1.6223
25/1/06,1.6235
26/1/06,1.6209
27/1/06,1.6244
1/2/06,1.6231
2/2/06,1.6317
3/2/06,1.6326
6/2/06,1.627
7/2/06,1.6319
8/2/06,1.6309
9/2/06,1.6321
10/2/06,1.6299
13/2/06,1.6292
14/2/06,1.6283
15/2/06,1.6293
16/2/06,1.631
17/2/06,1.636
20/2/06,1.6301
21/2/06,1.63
22/2/06,1.6294
23/2/06,1.6313
24/2/06,1.6264
27/2/06,1.6233
28/2/06,1.6247
1/3/06,1.6197
2/3/06,1.619
3/3/06,1.6196
6/3/06,1.6233
7/3/06,1.6265
8/3/06,1.6314
9/3/06,1.6317
10/3/06,1.6299
13/3/06,1.6277
14/3/06,1.6252
15/3/06,1.6222
16/3/06,1.6183
17/3/06,1.618
20/3/06,1.617
21/3/06,1.616
22/3/06,1.6193
23/3/06,1.6174
24/3/06,1.6207
27/3/06,1.6163
28/3/06,1.6192
29/3/06,1.6211
30/3/06,1.6206
31/3/06,1.6183
3/4/06,1.617
4/4/06,1.6156
5/4/06,1.6048
6/4/06,1.6065
7/4/06,1.6048
10/4/06,1.6038
11/4/06,1.6112
12/4/06,1.611
13/4/06,1.6093
17/4/06,1.6029
18/4/06,1.6031
19/4/06,1.5989
20/4/06,1.5988
21/4/06,1.5982
24/4/06,1.592
25/4/06,1.5878
26/4/06,1.5911
27/4/06,1.5868
28/4/06,1.5831
2/5/06,1.58
3/5/06,1.5735
4/5/06,1.5759
5/5/06,1.578
8/5/06,1.5648
9/5/06,1.5716
10/5/06,1.5664
11/5/06,1.5696
15/5/06,1.5696
16/5/06,1.5814
17/5/06,1.5717
18/5/06,1.5789
19/5/06,1.5811
22/5/06,1.5911
23/5/06,1.5827
24/5/06,1.5894
25/5/06,1.5861
26/5/06,1.5788
29/5/06,1.5788
30/5/06,1.5783
31/5/06,1.5764
1/6/06,1.5807
2/6/06,1.5803
5/6/06,1.5734
6/6/06,1.5787
7/6/06,1.5825
8/6/06,1.5871
9/6/06,1.592
12/6/06,1.5925
13/6/06,1.5989
14/6/06,1.5987
15/6/06,1.5934
16/6/06,1.5873
19/6/06,1.5975
20/6/06,1.5957
21/6/06,1.5894
22/6/06,1.5885
23/6/06,1.5952
26/6/06,1.5992
27/6/06,1.596
28/6/06,1.5963
29/6/06,1.5983
30/6/06,1.5894
3/7/06,1.5826
4/7/06,1.5809
5/7/06,1.5815
6/7/06,1.5852
7/7/06,1.5806
10/7/06,1.5741
11/7/06,1.5772
12/7/06,1.5787
13/7/06,1.5819
14/7/06,1.5862
17/7/06,1.5908
18/7/06,1.5926
19/7/06,1.592
20/7/06,1.5875
21/7/06,1.5852
24/7/06,1.585
25/7/06,1.5852
26/7/06,1.5852
27/7/06,1.5786
28/7/06,1.58
31/7/06,1.5777
1/8/06,1.5777
2/8/06,1.5789
3/8/06,1.5798
4/8/06,1.577
7/8/06,1.5717
8/8/06,1.5734
10/8/06,1.5708
11/8/06,1.5753
14/8/06,1.5789
15/8/06,1.5812
16/8/06,1.5778
17/8/06,1.5748
18/8/06,1.5749
21/8/06,1.572
22/8/06,1.5735
23/8/06,1.5745
24/8/06,1.5776
25/8/06,1.5772
28/8/06,1.5786
29/8/06,1.5745
30/8/06,1.5728
31/8/06,1.5729
1/9/06,1.5722
4/9/06,1.5703
5/9/06,1.5689
6/9/06,1.5685
7/9/06,1.5678
8/9/06,1.5692
11/9/06,1.5726
12/9/06,1.5756
13/9/06,1.5783
14/9/06,1.5761
15/9/06,1.5804
18/9/06,1.5846
19/9/06,1.5891
20/9/06,1.5879
21/9/06,1.582
22/9/06,1.5838
25/9/06,1.5841
26/9/06,1.5845
27/9/06,1.5871
28/9/06,1.5872
29/9/06,1.5869
2/10/06,1.5887
3/10/06,1.5829
4/10/06,1.5834
5/10/06,1.5843
6/10/06,1.5858
9/10/06,1.5894
10/10/06,1.5884
11/10/06,1.5879
12/10/06,1.5872
13/10/06,1.5832
16/10/06,1.5854
17/10/06,1.5823
18/10/06,1.5772
19/10/06,1.5752
20/10/06,1.5723
23/10/06,1.5733
25/10/06,1.5723
26/10/06,1.5684
27/10/06,1.5659
30/10/06,1.559
31/10/06,1.5625
1/11/06,1.5576
2/11/06,1.5619
3/11/06,1.5607
6/11/06,1.5667
7/11/06,1.5634
8/11/06,1.5603
9/11/06,1.5613
10/11/06,1.5579
13/11/06,1.5551
14/11/06,1.5569
15/11/06,1.5579
16/11/06,1.5593
17/11/06,1.5619
20/11/06,1.5578
21/11/06,1.5571
22/11/06,1.5572
23/11/06,1.5534
24/11/06,1.5495
27/11/06,1.5511
28/11/06,1.5503
29/11/06,1.5461
30/11/06,1.5442
1/12/06,1.5429
4/12/06,1.5431
5/12/06,1.5414
6/12/06,1.5377
7/12/06,1.5389
8/12/06,1.5402
11/12/06,1.546
12/12/06,1.5394
13/12/06,1.5397
14/12/06,1.5407
15/12/06,1.5401
18/12/06,1.5414
19/12/06,1.5464
20/12/06,1.5407
21/12/06,1.5413
22/12/06,1.5396
26/12/06,1.5405
27/12/06,1.5393
28/12/06,1.5365
29/12/06,1.5336
3/1/07,1.5303
4/1/07,1.5329
5/1/07,1.5364
8/1/07,1.5394
9/1/07,1.536
10/1/07,1.5372
11/1/07,1.5388
12/1/07,1.5473
15/1/07,1.5427
16/1/07,1.5399
17/1/07,1.5384
18/1/07,1.5372
19/1/07,1.5364
22/1/07,1.5371
23/1/07,1.5398
24/1/07,1.5355
25/1/07,1.5352
26/1/07,1.5394
29/1/07,1.5406
30/1/07,1.5386
31/1/07,1.5369
1/2/07,1.5359
2/2/07,1.5364
5/2/07,1.5353
6/2/07,1.5332
7/2/07,1.5322
8/2/07,1.5327
9/2/07,1.5323
12/2/07,1.535
13/2/07,1.5426
14/2/07,1.5386
15/2/07,1.5357
16/2/07,1.5339
21/2/07,1.5336
22/2/07,1.5338
23/2/07,1.5339
26/2/07,1.5283
27/2/07,1.5273
28/2/07,1.5306
1/3/07,1.5279
2/3/07,1.5282
5/3/07,1.5263
6/3/07,1.5304
7/3/07,1.5289
8/3/07,1.5268
9/3/07,1.5268
12/3/07,1.5273
13/3/07,1.5276
14/3/07,1.5342
15/3/07,1.5324
16/3/07,1.5295
19/3/07,1.5254
20/3/07,1.5269
21/3/07,1.5249
22/3/07,1.5172
23/3/07,1.5185
26/3/07,1.5182
27/3/07,1.5174
28/3/07,1.5168
29/3/07,1.5179
30/3/07,1.5172
2/4/07,1.5174
3/4/07,1.5184
4/4/07,1.5175
5/4/07,1.5127
9/4/07,1.5128
10/4/07,1.5163
11/4/07,1.5181
12/4/07,1.5194
13/4/07,1.5166
16/4/07,1.5139
17/4/07,1.5136
18/4/07,1.5126
19/4/07,1.5104
20/4/07,1.5102
23/4/07,1.5125
24/4/07,1.5154
25/4/07,1.5116
26/4/07,1.5124
27/4/07,1.5167
30/4/07,1.5198
2/5/07,1.5231
3/5/07,1.5238
4/5/07,1.5236
7/5/07,1.5144
8/5/07,1.5144
9/5/07,1.5173
10/5/07,1.5156
11/5/07,1.5191
14/5/07,1.5137
15/5/07,1.5156
16/5/07,1.5174
17/5/07,1.5206
18/5/07,1.5271
21/5/07,1.5242
22/5/07,1.5313
23/5/07,1.5294
24/5/07,1.5259
25/5/07,1.5268
28/5/07,1.5273
29/5/07,1.5276
30/5/07,1.5279
1/6/07,1.5295
4/6/07,1.529
5/6/07,1.5309
6/6/07,1.5305
7/6/07,1.5326
8/6/07,1.5375
11/6/07,1.5425
12/6/07,1.5402
13/6/07,1.5417
14/6/07,1.5414
15/6/07,1.541
18/6/07,1.5381
19/6/07,1.5378
20/6/07,1.5341
21/6/07,1.538
22/6/07,1.5374
25/6/07,1.5387
26/6/07,1.5378
27/6/07,1.5385
28/6/07,1.5365
29/6/07,1.5326
2/7/07,1.5273
3/7/07,1.523
4/7/07,1.5231
5/7/07,1.5212
6/7/07,1.5202
9/7/07,1.5197
10/7/07,1.5178
11/7/07,1.5159
12/7/07,1.5159
13/7/07,1.5147
16/7/07,1.5167
17/7/07,1.5165
18/7/07,1.5182
19/7/07,1.5169
20/7/07,1.5117
23/7/07,1.511
24/7/07,1.5048
25/7/07,1.5073
26/7/07,1.5106
27/7/07,1.5155
30/7/07,1.5147
31/7/07,1.5117
1/8/07,1.5193
2/8/07,1.5222
3/8/07,1.5186
6/8/07,1.5185
7/8/07,1.5144
8/8/07,1.5138
10/8/07,1.5205
13/8/07,1.5179
14/8/07,1.5213
15/8/07,1.5318
16/8/07,1.5392
17/8/07,1.5391
20/8/07,1.5271
21/8/07,1.5255
22/8/07,1.5292
23/8/07,1.5233
24/8/07,1.524
27/8/07,1.5191
28/8/07,1.5223
29/8/07,1.5264
30/8/07,1.5225
31/8/07,1.5224
3/9/07,1.5233
4/9/07,1.5231
5/9/07,1.5261
6/9/07,1.5263
7/9/07,1.5244
10/9/07,1.5254
11/9/07,1.5228
12/9/07,1.5172
13/9/07,1.5132
14/9/07,1.5128
17/9/07,1.5136
18/9/07,1.5174
19/9/07,1.5074
20/9/07,1.5061
21/9/07,1.5046
24/9/07,1.5042
25/9/07,1.5005
26/9/07,1.4978
27/9/07,1.494
28/9/07,1.4909
1/10/07,1.4798
2/10/07,1.4785
3/10/07,1.4807
4/10/07,1.4848
5/10/07,1.4786
8/10/07,1.4699
9/10/07,1.4749
10/10/07,1.4667
11/10/07,1.4662
12/10/07,1.4641
15/10/07,1.4656
16/10/07,1.4664
17/10/07,1.4678
18/10/07,1.4633
19/10/07,1.4646
22/10/07,1.4641
23/10/07,1.4658
24/10/07,1.4622
25/10/07,1.4601
26/10/07,1.4545
29/10/07,1.4528
30/10/07,1.4519
31/10/07,1.4492
1/11/07,1.4472
2/11/07,1.4514
5/11/07,1.4489
6/11/07,1.4504
7/11/07,1.4434
9/11/07,1.4404
12/11/07,1.447
13/11/07,1.4538
14/11/07,1.4439
15/11/07,1.4459
16/11/07,1.4534
19/11/07,1.448
20/11/07,1.4528
21/11/07,1.4472
22/11/07,1.4514
23/11/07,1.4453
26/11/07,1.4416
27/11/07,1.4408
28/11/07,1.444
29/11/07,1.4465
30/11/07,1.4458
3/12/07,1.4519
4/12/07,1.4497
5/12/07,1.4463
6/12/07,1.4478
7/12/07,1.4452
10/12/07,1.4408
11/12/07,1.4426
12/12/07,1.4429
13/12/07,1.4422
14/12/07,1.4441
17/12/07,1.4526
18/12/07,1.4596
19/12/07,1.4571
21/12/07,1.459
24/12/07,1.4542
26/12/07,1.4524
27/12/07,1.4519
28/12/07,1.4484
31/12/07,1.4412
2/1/08,1.441
3/1/08,1.4369
4/1/08,1.434
7/1/08,1.4344
8/1/08,1.4329
9/1/08,1.4323
10/1/08,1.431
11/1/08,1.4282
14/1/08,1.4308
15/1/08,1.4292
16/1/08,1.4277
17/1/08,1.432
18/1/08,1.4388
21/1/08,1.439
22/1/08,1.4503
23/1/08,1.4391
24/1/08,1.4309
25/1/08,1.4231
28/1/08,1.4224
29/1/08,1.4194
30/1/08,1.4212
31/1/08,1.4184
1/2/08,1.4164
4/2/08,1.4151
5/2/08,1.4145
6/2/08,1.4194
11/2/08,1.4187
12/2/08,1.4184
13/2/08,1.4161
14/2/08,1.4192
15/2/08,1.4142
18/2/08,1.4116
19/2/08,1.4116
20/2/08,1.4114
21/2/08,1.4109
22/2/08,1.4077
25/2/08,1.405
26/2/08,1.4052
27/2/08,1.4014
28/2/08,1.3947
29/2/08,1.3929
3/3/08,1.3965
4/3/08,1.3909
5/3/08,1.3896
6/3/08,1.3875
7/3/08,1.3866
10/3/08,1.3872
11/3/08,1.3893
12/3/08,1.3873
13/3/08,1.3824
14/3/08,1.3828
17/3/08,1.3856
18/3/08,1.3815
19/3/08,1.3795
20/3/08,1.3866
24/3/08,1.3908
25/3/08,1.3861
26/3/08,1.3793
27/3/08,1.3797
28/3/08,1.3809
31/3/08,1.3799
1/4/08,1.3785
2/4/08,1.3827
3/4/08,1.3829
4/4/08,1.3842
7/4/08,1.3817
8/4/08,1.3812
9/4/08,1.3811
10/4/08,1.3609
11/4/08,1.3586
14/4/08,1.3603
15/4/08,1.357
16/4/08,1.357
17/4/08,1.3511
18/4/08,1.3525
21/4/08,1.3535
22/4/08,1.3521
23/4/08,1.3481
24/4/08,1.3517
25/4/08,1.3581
28/4/08,1.3625
29/4/08,1.3599
30/4/08,1.3619
2/5/08,1.3622
5/5/08,1.3617
6/5/08,1.3579
7/5/08,1.3585
8/5/08,1.3741
9/5/08,1.373
12/5/08,1.3704
13/5/08,1.368
14/5/08,1.3766
15/5/08,1.3842
16/5/08,1.375
20/5/08,1.3691
21/5/08,1.3652
22/5/08,1.3587
23/5/08,1.3616
26/5/08,1.3601
27/5/08,1.3613
28/5/08,1.3626
29/5/08,1.3638
30/5/08,1.3651
2/6/08,1.3633
3/6/08,1.3631
4/6/08,1.3638
5/6/08,1.3697
6/6/08,1.3665
9/6/08,1.3627
10/6/08,1.3668
11/6/08,1.3728
12/6/08,1.3775
13/6/08,1.3785
16/6/08,1.3757
17/6/08,1.3671
18/6/08,1.3663
19/6/08,1.3678
20/6/08,1.3673
23/6/08,1.3648
24/6/08,1.3682
25/6/08,1.3677
26/6/08,1.3644
27/6/08,1.3646
30/6/08,1.3616
1/7/08,1.3604
2/7/08,1.3626
3/7/08,1.358
4/7/08,1.3609
7/7/08,1.3621
8/7/08,1.3631
9/7/08,1.363
10/7/08,1.3612
11/7/08,1.3602
14/7/08,1.3561
15/7/08,1.3482
16/7/08,1.3478
17/7/08,1.3504
18/7/08,1.3529
21/7/08,1.3514
22/7/08,1.3526
23/7/08,1.3577
24/7/08,1.362
25/7/08,1.3611
28/7/08,1.3638
29/7/08,1.3627
30/7/08,1.367
31/7/08,1.3676
1/8/08,1.3695
4/8/08,1.3692
5/8/08,1.3743
6/8/08,1.3774
7/8/08,1.3835
8/8/08,1.3986
11/8/08,1.407
12/8/08,1.4105
13/8/08,1.4052
14/8/08,1.4092
15/8/08,1.4139
18/8/08,1.4123
19/8/08,1.4133
20/8/08,1.4087
21/8/08,1.4148
22/8/08,1.4061
25/8/08,1.4191
26/8/08,1.4211
27/8/08,1.417
28/8/08,1.4134
29/8/08,1.416
1/9/08,1.4216
2/9/08,1.4293
3/9/08,1.434
4/9/08,1.4293
5/9/08,1.4364
8/9/08,1.417
9/9/08,1.4347
10/9/08,1.4315
11/9/08,1.4403
12/9/08,1.438
15/9/08,1.4293
16/9/08,1.4353
17/9/08,1.4357
18/9/08,1.4338
19/9/08,1.4348
22/9/08,1.4204
23/9/08,1.4104
24/9/08,1.4149
25/9/08,1.4212
26/9/08,1.4222
29/9/08,1.429
30/9/08,1.4314
2/10/08,1.4386
3/10/08,1.4484
6/10/08,1.4581
7/10/08,1.4609
8/10/08,1.467
9/10/08,1.4687
10/10/08,1.4823
13/10/08,1.4755
14/10/08,1.4599
15/10/08,1.4689
16/10/08,1.4813
17/10/08,1.4787
20/10/08,1.4782
21/10/08,1.4765
22/10/08,1.4954
23/10/08,1.5029
24/10/08,1.5035
28/10/08,1.5121
29/10/08,1.4989
30/10/08,1.4657
31/10/08,1.4807
3/11/08,1.4727
4/11/08,1.4857
5/11/08,1.4703
6/11/08,1.4857
7/11/08,1.4935
10/11/08,1.4857
11/11/08,1.4964
12/11/08,1.5048
13/11/08,1.5132
14/11/08,1.5113
17/11/08,1.5214
18/11/08,1.5266
19/11/08,1.5283
20/11/08,1.5298
21/11/08,1.5327
24/11/08,1.5302
25/11/08,1.517
26/11/08,1.5103
27/11/08,1.5116
28/11/08,1.5072
1/12/08,1.5225
2/12/08,1.5283
3/12/08,1.5272
4/12/08,1.5247
5/12/08,1.5238
9/12/08,1.5111
10/12/08,1.5019
11/12/08,1.4944
12/12/08,1.4898
15/12/08,1.4784
16/12/08,1.4713
17/12/08,1.4579
18/12/08,1.4368
19/12/08,1.4478
22/12/08,1.452
23/12/08,1.4499
24/12/08,1.4476
26/12/08,1.4433
29/12/08,1.4421
30/12/08,1.4434
31/12/08,1.4392
2/1/09,1.4525
5/1/09,1.4607
6/1/09,1.4694
7/1/09,1.4722
8/1/09,1.481
9/1/09,1.4785
12/1/09,1.4877
13/1/09,1.4899
14/1/09,1.4873
15/1/09,1.497
16/1/09,1.489
19/1/09,1.4866
20/1/09,1.5018
21/1/09,1.5045
22/1/09,1.4957
23/1/09,1.5046
28/1/09,1.5012
29/1/09,1.504
30/1/09,1.5082
2/2/09,1.5158
3/2/09,1.5077
4/2/09,1.5078
5/2/09,1.5088
6/2/09,1.5066
9/2/09,1.497
10/2/09,1.5008
11/2/09,1.5087
12/2/09,1.5082
13/2/09,1.5079
16/2/09,1.5133
17/2/09,1.5235
18/2/09,1.5284
19/2/09,1.5291
20/2/09,1.5343
23/2/09,1.5227
24/2/09,1.5316
25/2/09,1.5282
26/2/09,1.5343
27/2/09,1.5412
2/3/09,1.5535
3/3/09,1.5486
4/3/09,1.5537
5/3/09,1.5521
6/3/09,1.5502
9/3/09,1.5451
10/3/09,1.5436
11/3/09,1.5393
12/3/09,1.5292
13/3/09,1.539
16/3/09,1.5407
17/3/09,1.5342
18/3/09,1.5287
19/3/09,1.5174
20/3/09,1.5094
23/3/09,1.51
24/3/09,1.5042
25/3/09,1.5142
26/3/09,1.5093
27/3/09,1.5065
30/3/09,1.5187
31/3/09,1.5194
1/4/09,1.5213
2/4/09,1.5155
3/4/09,1.5052
6/4/09,1.4997
7/4/09,1.5093
8/4/09,1.5183
9/4/09,1.5142
13/4/09,1.5136
14/4/09,1.5016
15/4/09,1.5049
16/4/09,1.4979
17/4/09,1.4975
20/4/09,1.5069
21/4/09,1.5098
22/4/09,1.5078
23/4/09,1.5063
24/4/09,1.4962
27/4/09,1.4947
28/4/09,1.5005
29/4/09,1.4947
30/4/09,1.4788
4/5/09,1.4764
5/5/09,1.475
6/5/09,1.4792
7/5/09,1.4716
8/5/09,1.4701
11/5/09,1.4575
12/5/09,1.4605
13/5/09,1.454
14/5/09,1.4694
15/5/09,1.4646
18/5/09,1.4736
19/5/09,1.4645
20/5/09,1.4643
21/5/09,1.4556
22/5/09,1.4467
25/5/09,1.4471
26/5/09,1.4485
27/5/09,1.4455
28/5/09,1.4573
29/5/09,1.4505
1/6/09,1.441
2/6/09,1.4402
3/6/09,1.4383
4/6/09,1.4445
5/6/09,1.4456
8/6/09,1.4548
9/6/09,1.4622
10/6/09,1.4495
11/6/09,1.4509
12/6/09,1.4487
15/6/09,1.4567
16/6/09,1.4602
17/6/09,1.4585
18/6/09,1.4538
19/6/09,1.4569
22/6/09,1.4568
23/6/09,1.4613
24/6/09,1.4545
25/6/09,1.4566
26/6/09,1.4552
29/6/09,1.4544
30/6/09,1.4498
1/7/09,1.4485
2/7/09,1.4467
3/7/09,1.4514
6/7/09,1.4548
7/7/09,1.4557
8/7/09,1.4621
9/7/09,1.4618
10/7/09,1.4588
13/7/09,1.4629
14/7/09,1.4588
15/7/09,1.4556
16/7/09,1.4538
17/7/09,1.4532
20/7/09,1.4461
21/7/09,1.4426
22/7/09,1.444
23/7/09,1.4414
24/7/09,1.4433
27/7/09,1.4409
28/7/09,1.4412
29/7/09,1.4413
30/7/09,1.4465
31/7/09,1.4408
3/8/09,1.437
4/8/09,1.4336
5/8/09,1.4324
6/8/09,1.4336
7/8/09,1.4361
11/8/09,1.4449
12/8/09,1.4487
13/8/09,1.4434
14/8/09,1.4423
17/8/09,1.4465
18/8/09,1.4503
19/8/09,1.4491
20/8/09,1.4479
21/8/09,1.4438
24/8/09,1.4381
25/8/09,1.4418
26/8/09,1.442
27/8/09,1.4455
28/8/09,1.4429
31/8/09,1.4419
1/9/09,1.44
2/9/09,1.4447
3/9/09,1.4412
4/9/09,1.4415
7/9/09,1.4328
8/9/09,1.4327
9/9/09,1.4255
10/9/09,1.4235
11/9/09,1.4224
14/9/09,1.4247
15/9/09,1.4226
16/9/09,1.4186
17/9/09,1.4115
18/9/09,1.4155
22/9/09,1.4157
23/9/09,1.4101
24/9/09,1.4159
25/9/09,1.4186
28/9/09,1.4206
29/9/09,1.4181
30/9/09,1.4141
1/10/09,1.4116
2/10/09,1.4141
5/10/09,1.4114
6/10/09,1.4046
7/10/09,1.4031
8/10/09,1.3949
9/10/09,1.3918
12/10/09,1.4014
13/10/09,1.3972
14/10/09,1.3939
15/10/09,1.3861
16/10/09,1.3884
19/10/09,1.3953
20/10/09,1.3882
21/10/09,1.3951
22/10/09,1.3964
23/10/09,1.3928
26/10/09,1.3925
27/10/09,1.3976
28/10/09,1.3995
29/10/09,1.4039
30/10/09,1.3968
2/11/09,1.4004
3/11/09,1.3976
4/11/09,1.3998
5/11/09,1.3975
6/11/09,1.3946
9/11/09,1.3884
10/11/09,1.3882
11/11/09,1.3874
12/11/09,1.3865
13/11/09,1.389
16/11/09,1.3848
17/11/09,1.3845
18/11/09,1.3858
19/11/09,1.3874
20/11/09,1.3894
23/11/09,1.3867
24/11/09,1.3869
25/11/09,1.384
26/11/09,1.3796
30/11/09,1.3828
1/12/09,1.3844
2/12/09,1.38
3/12/09,1.3812
4/12/09,1.3829
7/12/09,1.3891
8/12/09,1.3891
9/12/09,1.3938
10/12/09,1.3895
11/12/09,1.3904
14/12/09,1.3929
15/12/09,1.3918
16/12/09,1.3976
17/12/09,1.3998
18/12/09,1.4006
21/12/09,1.4033
22/12/09,1.4064
23/12/09,1.4112
24/12/09,1.4072
28/12/09,1.406
29/12/09,1.4078
30/12/09,1.4067
31/12/09,1.4034
4/1/10,1.4038
5/1/10,1.3969
6/1/10,1.3966
7/1/10,1.3942
8/1/10,1.3982
11/1/10,1.388
12/1/10,1.391
13/1/10,1.3897
14/1/10,1.3864
15/1/10,1.3886
18/1/10,1.3905
19/1/10,1.3878
20/1/10,1.3937
21/1/10,1.3994
22/1/10,1.4045
25/1/10,1.4017
26/1/10,1.4012
27/1/10,1.4019
28/1/10,1.4026
29/1/10,1.4046
1/2/10,1.4111
2/2/10,1.4117
3/2/10,1.4097
4/2/10,1.4122
5/2/10,1.4203
8/2/10,1.4216
9/2/10,1.4217
10/2/10,1.4187
11/2/10,1.4124
12/2/10,1.4124
17/2/10,1.4035
18/2/10,1.4094
19/2/10,1.4135
22/2/10,1.4075
23/2/10,1.4083
24/2/10,1.4096
25/2/10,1.4117
26/2/10,1.4087
1/3/10,1.4048
2/3/10,1.4065
3/3/10,1.4012
4/3/10,1.3998
5/3/10,1.4019
8/3/10,1.3994
9/3/10,1.4005
10/3/10,1.3991
11/3/10,1.3993
12/3/10,1.3973
15/3/10,1.3978
16/3/10,1.3967
17/3/10,1.3942
18/3/10,1.3932
19/3/10,1.3956
22/3/10,1.3999
23/3/10,1.3996
24/3/10,1.4019
25/3/10,1.4066
26/3/10,1.4065
29/3/10,1.4022
30/3/10,1.3978
31/3/10,1.4028
1/4/10,1.3989
5/4/10,1.3982
6/4/10,1.3977
7/4/10,1.396
8/4/10,1.3969
9/4/10,1.3947
12/4/10,1.3885
13/4/10,1.3935
14/4/10,1.3778
15/4/10,1.3731
16/4/10,1.3783
19/4/10,1.3792
20/4/10,1.3767
21/4/10,1.3728
22/4/10,1.373
23/4/10,1.3742
26/4/10,1.3684
27/4/10,1.3678
28/4/10,1.3718
29/4/10,1.3721
30/4/10,1.3682
3/5/10,1.373
4/5/10,1.3707
5/5/10,1.3833
6/5/10,1.3911
7/5/10,1.4005
10/5/10,1.3784
11/5/10,1.3782
12/5/10,1.3846
13/5/10,1.3802
14/5/10,1.3812
17/5/10,1.3968
18/5/10,1.3925
19/5/10,1.3982
20/5/10,1.399
21/5/10,1.4109
24/5/10,1.4066
25/5/10,1.4163
26/5/10,1.4104
27/5/10,1.4089
31/5/10,1.4017
1/6/10,1.4029
2/6/10,1.4132
3/6/10,1.4023
4/6/10,1.4033
7/6/10,1.4196
8/6/10,1.4145
9/6/10,1.4163
10/6/10,1.4128
11/6/10,1.4046
14/6/10,1.3985
15/6/10,1.3983
16/6/10,1.3937
17/6/10,1.3971
18/6/10,1.3889
21/6/10,1.3767
22/6/10,1.38
23/6/10,1.3865
24/6/10,1.3869
25/6/10,1.3922
28/6/10,1.3839
29/6/10,1.3903
30/6/10,1.4013
1/7/10,1.4013
2/7/10,1.3913
5/7/10,1.3928
6/7/10,1.3926
7/7/10,1.3903
8/7/10,1.3835
9/7/10,1.3792
12/7/10,1.3808
13/7/10,1.3829
14/7/10,1.3765
15/7/10,1.375
16/7/10,1.3758
19/7/10,1.3807
20/7/10,1.3734
21/7/10,1.3724
22/7/10,1.3764
23/7/10,1.373
26/7/10,1.3647
27/7/10,1.3613
28/7/10,1.364
29/7/10,1.3656
30/7/10,1.3623
2/8/10,1.3538
3/8/10,1.3529
4/8/10,1.3528
5/8/10,1.354
6/8/10,1.3523
10/8/10,1.3528
11/8/10,1.3559
12/8/10,1.3643
13/8/10,1.3586
16/8/10,1.3658
17/8/10,1.3572
18/8/10,1.3568
19/8/10,1.3527
20/8/10,1.3536
23/8/10,1.3554
24/8/10,1.3604
25/8/10,1.3583
26/8/10,1.3556
27/8/10,1.3556
30/8/10,1.3535
31/8/10,1.3557
1/9/10,1.3538
2/9/10,1.3495
3/9/10,1.3477
6/9/10,1.3434
7/9/10,1.3463
8/9/10,1.3469
9/9/10,1.3432
13/9/10,1.3395
14/9/10,1.3375
15/9/10,1.3387
16/9/10,1.3384
17/9/10,1.3365
20/9/10,1.3351
21/9/10,1.334
22/9/10,1.3285
23/9/10,1.3263
24/9/10,1.3278
27/9/10,1.323
28/9/10,1.3224
29/9/10,1.3182
30/9/10,1.3175
1/10/10,1.3157
4/10/10,1.3133
5/10/10,1.3175
6/10/10,1.3106
7/10/10,1.3087
8/10/10,1.307
11/10/10,1.306
12/10/10,1.3083
13/10/10,1.3056
14/10/10,1.2953
15/10/10,1.2982
18/10/10,1.3048
19/10/10,1.3044
20/10/10,1.3094
21/10/10,1.3016
22/10/10,1.3021
25/10/10,1.295
26/10/10,1.2939
27/10/10,1.3018
28/10/10,1.2992
29/10/10,1.2987
1/11/10,1.2911
2/11/10,1.2894
3/11/10,1.288
4/11/10,1.2847
8/11/10,1.2868
9/11/10,1.286
10/11/10,1.2888
11/11/10,1.2866
12/11/10,1.2964
15/11/10,1.3029
16/11/10,1.2988
18/11/10,1.2992
19/11/10,1.2988
22/11/10,1.2937
23/11/10,1.3027
24/11/10,1.3125
25/11/10,1.3099
26/11/10,1.3124
29/11/10,1.3172
30/11/10,1.3191
1/12/10,1.3183
2/12/10,1.3137
3/12/10,1.3095
6/12/10,1.3039
7/12/10,1.3045
8/12/10,1.3149
9/12/10,1.3107
10/12/10,1.3101
13/12/10,1.308
14/12/10,1.3035
15/12/10,1.3089
16/12/10,1.316
17/12/10,1.3116
20/12/10,1.3222
21/12/10,1.316
22/12/10,1.3117
23/12/10,1.306
24/12/10,1.3028
27/12/10,1.2985
28/12/10,1.2972
29/12/10,1.2979
30/12/10,1.292
31/12/10,1.2875
3/1/11,1.2858
4/1/11,1.2855
5/1/11,1.2896
6/1/11,1.2934
7/1/11,1.2964
10/1/11,1.2965
11/1/11,1.2985
12/1/11,1.2925
13/1/11,1.2889
14/1/11,1.2879
17/1/11,1.2906
18/1/11,1.2885
19/1/11,1.2818
20/1/11,1.2887
21/1/11,1.2868
24/1/11,1.2848
25/1/11,1.2811
26/1/11,1.2807
27/1/11,1.2794
28/1/11,1.2814
31/1/11,1.2865
1/2/11,1.2787
2/2/11,1.2735
7/2/11,1.2755
8/2/11,1.2746
9/2/11,1.2743
10/2/11,1.2758
11/2/11,1.2809
14/2/11,1.2807
15/2/11,1.2806
16/2/11,1.2805
17/2/11,1.2787
18/2/11,1.2763
21/2/11,1.2751
22/2/11,1.2815
23/2/11,1.2791
24/2/11,1.2766
25/2/11,1.2763
28/2/11,1.2738
1/3/11,1.271
2/3/11,1.2735
3/3/11,1.2689
4/3/11,1.2676
7/3/11,1.2672
8/3/11,1.2669
9/3/11,1.2693
10/3/11,1.2709
11/3/11,1.2717
14/3/11,1.2705
15/3/11,1.2751
16/3/11,1.2787
17/3/11,1.2823
18/3/11,1.2728
21/3/11,1.2697
22/3/11,1.2664
23/3/11,1.2648
24/3/11,1.2644
25/3/11,1.261
28/3/11,1.2629
29/3/11,1.2635
30/3/11,1.2636
31/3/11,1.2617
1/4/11,1.2616
4/4/11,1.2605
5/4/11,1.2613
6/4/11,1.2606
7/4/11,1.2605
8/4/11,1.2574
11/4/11,1.256
12/4/11,1.2604
13/4/11,1.2581
14/4/11,1.2492
15/4/11,1.2445
18/4/11,1.2443
19/4/11,1.2497
20/4/11,1.2408
21/4/11,1.2369
25/4/11,1.2355
26/4/11,1.2371
27/4/11,1.2309
28/4/11,1.226
29/4/11,1.2277
3/5/11,1.2259
4/5/11,1.2302
5/5/11,1.231
6/5/11,1.235
9/5/11,1.2308
10/5/11,1.2332
11/5/11,1.2303
12/5/11,1.2362
13/5/11,1.2437
16/5/11,1.2497
18/5/11,1.2415
19/5/11,1.2378
20/5/11,1.2358
23/5/11,1.2446
24/5/11,1.2473
25/5/11,1.2489
26/5/11,1.244
27/5/11,1.2361
30/5/11,1.234
31/5/11,1.2328
1/6/11,1.2303
2/6/11,1.2383
3/6/11,1.2327
6/6/11,1.2287
7/6/11,1.2314
8/6/11,1.2303
9/6/11,1.2314
10/6/11,1.2302
13/6/11,1.2384
14/6/11,1.2327
15/6/11,1.2324
16/6/11,1.2387
17/6/11,1.2381
20/6/11,1.2368
21/6/11,1.2364
22/6/11,1.2335
23/6/11,1.2353
24/6/11,1.2353
27/6/11,1.2423
28/6/11,1.2422
29/6/11,1.2385
30/6/11,1.2292
1/7/11,1.2282
4/7/11,1.2244
5/7/11,1.2277
6/7/11,1.2266
7/7/11,1.2263
8/7/11,1.2224
11/7/11,1.2214
12/7/11,1.2282
13/7/11,1.2245
14/7/11,1.2178
15/7/11,1.2168
18/7/11,1.2196
19/7/11,1.2169
20/7/11,1.2149
21/7/11,1.2135
22/7/11,1.2105
25/7/11,1.2089
26/7/11,1.2048
27/7/11,1.2009
28/7/11,1.2036
29/7/11,1.2041
1/8/11,1.2015
2/8/11,1.2035
3/8/11,1.2087
4/8/11,1.2081
5/8/11,1.2218
8/8/11,1.217
10/8/11,1.2113
11/8/11,1.2146
12/8/11,1.213
15/8/11,1.207
16/8/11,1.2025
17/8/11,1.205
18/8/11,1.2066
19/8/11,1.2132
22/8/11,1.2104
23/8/11,1.2069
24/8/11,1.2054
25/8/11,1.2086
26/8/11,1.2068
29/8/11,1.2076
31/8/11,1.2046
1/9/11,1.2032
2/9/11,1.2047
5/9/11,1.2058
6/9/11,1.2086
7/9/11,1.2084
8/9/11,1.2096
9/9/11,1.2155
12/9/11,1.2328
13/9/11,1.2338
14/9/11,1.2492
15/9/11,1.2462
16/9/11,1.2396
19/9/11,1.2583
20/9/11,1.2697
21/9/11,1.2607
22/9/11,1.2874
23/9/11,1.2999
26/9/11,1.3044
27/9/11,1.2885
28/9/11,1.2908
29/9/11,1.2957
30/9/11,1.3003
3/10/11,1.314
4/10/11,1.3166
5/10/11,1.3078
6/10/11,1.3043
7/10/11,1.2943
10/10/11,1.291
11/10/11,1.2792
12/10/11,1.2878
13/10/11,1.2763
14/10/11,1.2722
17/10/11,1.2656
18/10/11,1.2672
19/10/11,1.2642
20/10/11,1.2701
21/10/11,1.2808
24/10/11,1.271
25/10/11,1.262
27/10/11,1.2641
28/10/11,1.2444
31/10/11,1.2502
1/11/11,1.2587
2/11/11,1.2731
3/11/11,1.2793
4/11/11,1.2676
8/11/11,1.2701
9/11/11,1.2695
10/11/11,1.293
11/11/11,1.2889
14/11/11,1.2808
15/11/11,1.2878
16/11/11,1.2969
17/11/11,1.293
18/11/11,1.2957
21/11/11,1.2994
22/11/11,1.3032
23/11/11,1.3055
24/11/11,1.3071
25/11/11,1.3111
28/11/11,1.3053
29/11/11,1.2993
30/11/11,1.2956
1/12/11,1.2843
2/12/11,1.2853
5/12/11,1.2831
6/12/11,1.2849
7/12/11,1.2828
8/12/11,1.2869
9/12/11,1.2995
12/12/11,1.2943
13/12/11,1.3004
14/12/11,1.3055
15/12/11,1.3104
16/12/11,1.3033
19/12/11,1.3069
20/12/11,1.3066
21/12/11,1.2938
22/12/11,1.2953
23/12/11,1.2911
27/12/11,1.2953
28/12/11,1.2983
29/12/11,1.3006
30/12/11,1.3007
3/1/12,1.2925
4/1/12,1.2874
5/1/12,1.2883
6/1/12,1.2923
9/1/12,1.2994
10/1/12,1.2912
11/1/12,1.2925
12/1/12,1.2928
13/1/12,1.2882
16/1/12,1.2926
17/1/12,1.2862
18/1/12,1.282
19/1/12,1.2777
20/1/12,1.2736
25/1/12,1.2668
26/1/12,1.2584
27/1/12,1.2581
30/1/12,1.2542
31/1/12,1.2547
1/2/12,1.2567
2/2/12,1.2465
3/2/12,1.2484
6/2/12,1.2447
7/2/12,1.2481
8/2/12,1.2435
9/2/12,1.2447
10/2/12,1.2553
13/2/12,1.2547
14/2/12,1.2636
15/2/12,1.2585
16/2/12,1.2665
17/2/12,1.2609
20/2/12,1.2532
21/2/12,1.2542
22/2/12,1.2587
23/2/12,1.2588
24/2/12,1.2533
27/2/12,1.2568
28/2/12,1.2532
29/2/12,1.2474
1/3/12,1.2493
2/3/12,1.2483
5/3/12,1.2568
6/3/12,1.2614
7/3/12,1.2616
8/3/12,1.2564
9/3/12,1.2522
12/3/12,1.2594
13/3/12,1.2558
14/3/12,1.2607
15/3/12,1.2674
16/3/12,1.2598
19/3/12,1.2579
20/3/12,1.2583
21/3/12,1.2629
22/3/12,1.2637
23/3/12,1.2628
26/3/12,1.2606
27/3/12,1.2588
28/3/12,1.2568
29/3/12,1.2577
30/3/12,1.2572
2/4/12,1.2553
3/4/12,1.2515
4/4/12,1.2571
5/4/12,1.2579
9/4/12,1.2608
10/4/12,1.2595
11/4/12,1.2608
12/4/12,1.2562
13/4/12,1.2485
16/4/12,1.2535
17/4/12,1.2508
18/4/12,1.2486
19/4/12,1.2519
20/4/12,1.2513
23/4/12,1.249
24/4/12,1.2486
25/4/12,1.2466
26/4/12,1.2428
27/4/12,1.243
30/4/12,1.2372
2/5/12,1.2362
3/5/12,1.2415
4/5/12,1.2421
7/5/12,1.2485
8/5/12,1.2462
9/5/12,1.2506
10/5/12,1.2508
11/5/12,1.2513
14/5/12,1.2528
15/5/12,1.2569
16/5/12,1.2668
17/5/12,1.2637
18/5/12,1.2751
21/5/12,1.2705
22/5/12,1.2667
23/5/12,1.2772
24/5/12,1.275
25/5/12,1.2814
28/5/12,1.2748
29/5/12,1.2781
30/5/12,1.2798
31/5/12,1.2882
1/6/12,1.2877
4/6/12,1.2896
5/6/12,1.2864
6/6/12,1.2805
7/6/12,1.2757
8/6/12,1.2823
11/6/12,1.2768
12/6/12,1.2831
13/6/12,1.2819
14/6/12,1.2814
15/6/12,1.2764
18/6/12,1.2685
19/6/12,1.2675
20/6/12,1.2687
21/6/12,1.2711
22/6/12,1.2776
25/6/12,1.2803
26/6/12,1.281
27/6/12,1.2784
28/6/12,1.2755
29/6/12,1.2737
2/7/12,1.2686
3/7/12,1.264
4/7/12,1.2629
5/7/12,1.2665
6/7/12,1.2694
9/7/12,1.2727
10/7/12,1.2716
11/7/12,1.2677
12/7/12,1.2669
13/7/12,1.2696
16/7/12,1.265
17/7/12,1.2612
18/7/12,1.2596
19/7/12,1.2566
20/7/12,1.2543
23/7/12,1.2612
24/7/12,1.2593
25/7/12,1.2611
26/7/12,1.2565
27/7/12,1.2515
30/7/12,1.247
31/7/12,1.2454
1/8/12,1.2456
2/8/12,1.2472
3/8/12,1.2479
6/8/12,1.2414
7/8/12,1.2411
8/8/12,1.2433
10/8/12,1.2467
13/8/12,1.2448
14/8/12,1.2455
15/8/12,1.2487
16/8/12,1.2514
17/8/12,1.2523
21/8/12,1.2512
22/8/12,1.2518
23/8/12,1.2443
24/8/12,1.2485
27/8/12,1.2515
28/8/12,1.255
29/8/12,1.2537
30/8/12,1.2539
31/8/12,1.2523
3/9/12,1.2475
4/9/12,1.2444
5/9/12,1.2479
6/9/12,1.2464
7/9/12,1.2427
10/9/12,1.2356
11/9/12,1.2343
12/9/12,1.229
13/9/12,1.2277
14/9/12,1.2219
17/9/12,1.2225
18/9/12,1.2245
19/9/12,1.2249
20/9/12,1.225
21/9/12,1.224
24/9/12,1.2262
25/9/12,1.2268
26/9/12,1.2298
27/9/12,1.2293
28/9/12,1.2254
1/10/12,1.2307
2/10/12,1.2275
3/10/12,1.2331
4/10/12,1.2309
5/10/12,1.2271
8/10/12,1.2314
9/10/12,1.2285
10/10/12,1.2302
11/10/12,1.2288
12/10/12,1.222
15/10/12,1.2228
16/10/12,1.2214
17/10/12,1.2188
18/10/12,1.2183
19/10/12,1.2202
22/10/12,1.2209
23/10/12,1.2218
24/10/12,1.2233
25/10/12,1.2219
29/10/12,1.2211
30/10/12,1.2224
31/10/12,1.2205
1/11/12,1.2208
2/11/12,1.2214
5/11/12,1.2248
6/11/12,1.2243
7/11/12,1.2215
8/11/12,1.2249
9/11/12,1.223
12/11/12,1.2227
14/11/12,1.222
15/11/12,1.2234
16/11/12,1.228
19/11/12,1.225
20/11/12,1.2233
21/11/12,1.2269
22/11/12,1.2251
23/11/12,1.2246
26/11/12,1.2229
27/11/12,1.2217
28/11/12,1.2227
29/11/12,1.222
30/11/12,1.2209
3/12/12,1.2206
4/12/12,1.219
5/12/12,1.2186
6/12/12,1.22
7/12/12,1.221
10/12/12,1.222
11/12/12,1.2224
12/12/12,1.2213
13/12/12,1.221
14/12/12,1.2214
17/12/12,1.2202
18/12/12,1.2196
19/12/12,1.219
20/12/12,1.2201
21/12/12,1.2204
24/12/12,1.2215
26/12/12,1.2237
27/12/12,1.2232
28/12/12,1.2235
31/12/12,1.2221
2/1/13,1.2208
3/1/13,1.2227
4/1/13,1.2296
7/1/13,1.2307
8/1/13,1.2289
9/1/13,1.2281
10/1/13,1.2268
11/1/13,1.2242
14/1/13,1.2261
15/1/13,1.2245
16/1/13,1.2248
17/1/13,1.2248
18/1/13,1.2251
21/1/13,1.2288
22/1/13,1.2281
23/1/13,1.2277
24/1/13,1.2269
25/1/13,1.2311
28/1/13,1.2353
29/1/13,1.2376
30/1/13,1.2349
31/1/13,1.2389
1/2/13,1.2415
4/2/13,1.2388
5/2/13,1.2376
6/2/13,1.2372
7/2/13,1.2385
8/2/13,1.2385
13/2/13,1.2378
14/2/13,1.2351
15/2/13,1.2348
18/2/13,1.24
19/2/13,1.2389
20/2/13,1.2368
21/2/13,1.24
22/2/13,1.2377
25/2/13,1.2397
26/2/13,1.2389
27/2/13,1.2376
28/2/13,1.2363
1/3/13,1.2371
4/3/13,1.2437
5/3/13,1.2442
6/3/13,1.2442
7/3/13,1.2486
8/3/13,1.2468
11/3/13,1.2489
12/3/13,1.2476
13/3/13,1.2471
14/3/13,1.2489
15/3/13,1.2484
18/3/13,1.2509
19/3/13,1.2495
20/3/13,1.2523
21/3/13,1.2507
22/3/13,1.2494
25/3/13,1.2453
26/3/13,1.2411
27/3/13,1.2431
28/3/13,1.2436
1/4/13,1.2417
2/4/13,1.2364
3/4/13,1.2394
4/4/13,1.238
5/4/13,1.2402
8/4/13,1.2413
9/4/13,1.2406
10/4/13,1.2375
11/4/13,1.238
12/4/13,1.2373
15/4/13,1.2372
16/4/13,1.2377
17/4/13,1.2337
18/4/13,1.2357
19/4/13,1.2356
22/4/13,1.2377
23/4/13,1.2407
24/4/13,1.2413
25/4/13,1.2394
26/4/13,1.2373
29/4/13,1.2347
30/4/13,1.2342
2/5/13,1.2338
3/5/13,1.2346
6/5/13,1.2304
7/5/13,1.2306
8/5/13,1.2315
9/5/13,1.2282
10/5/13,1.2356
13/5/13,1.2412
14/5/13,1.2391
15/5/13,1.2423
16/5/13,1.2465
17/5/13,1.2545
20/5/13,1.2544
21/5/13,1.2545
22/5/13,1.2592
23/5/13,1.2676
27/5/13,1.2649
28/5/13,1.2637
29/5/13,1.2694
30/5/13,1.2659
31/5/13,1.2613
3/6/13,1.2603
4/6/13,1.2519
5/6/13,1.249
6/6/13,1.2504
7/6/13,1.2416
10/6/13,1.2543
11/6/13,1.2598
12/6/13,1.2561
13/6/13,1.2578
14/6/13,1.2517
17/6/13,1.2546
18/6/13,1.2608
19/6/13,1.2598
20/6/13,1.2708
21/6/13,1.2755
24/6/13,1.2765
25/6/13,1.2758
26/6/13,1.2716
27/6/13,1.2684
28/6/13,1.2652
1/7/13,1.2669
2/7/13,1.2664
3/7/13,1.2727
4/7/13,1.2713
5/7/13,1.2759
8/7/13,1.2846
9/7/13,1.277
10/7/13,1.2779
11/7/13,1.2619
12/7/13,1.2606
15/7/13,1.2642
16/7/13,1.2618
17/7/13,1.2612
18/7/13,1.2658
19/7/13,1.2677
22/7/13,1.2627
23/7/13,1.2618
24/7/13,1.2646
25/7/13,1.2676
26/7/13,1.2624
29/7/13,1.2663
30/7/13,1.269
31/7/13,1.2738
1/8/13,1.2714
2/8/13,1.2756
5/8/13,1.2706
6/8/13,1.2668
7/8/13,1.2684
12/8/13,1.2615
13/8/13,1.2624
14/8/13,1.2676
15/8/13,1.2685
16/8/13,1.2706
19/8/13,1.2745
20/8/13,1.278
21/8/13,1.2773
22/8/13,1.2841
23/8/13,1.28
26/8/13,1.2793
27/8/13,1.2822
28/8/13,1.2824
29/8/13,1.2769
30/8/13,1.2757
2/9/13,1.274
3/9/13,1.2727
4/9/13,1.2782
5/9/13,1.2756
6/9/13,1.2797
9/9/13,1.2747
10/9/13,1.2688
11/9/13,1.2702
12/9/13,1.2668
13/9/13,1.2694
16/9/13,1.2621
17/9/13,1.2639
18/9/13,1.2604
19/9/13,1.2446
20/9/13,1.246
23/9/13,1.2492
24/9/13,1.2531
25/9/13,1.2569
26/9/13,1.2549
27/9/13,1.2556
30/9/13,1.2572
1/10/13,1.2536
2/10/13,1.2528
3/10/13,1.2482
4/10/13,1.2477
7/10/13,1.2482
8/10/13,1.2498
9/10/13,1.2513
10/10/13,1.2532
11/10/13,1.2485
14/10/13,1.2459
16/10/13,1.2424
17/10/13,1.2443
18/10/13,1.2395
21/10/13,1.2416
22/10/13,1.2424
23/10/13,1.2363
24/10/13,1.2375
25/10/13,1.2375
28/10/13,1.2364
29/10/13,1.2386
30/10/13,1.2398
31/10/13,1.2394
1/11/13,1.2417
4/11/13,1.2432
5/11/13,1.2423
6/11/13,1.2433
7/11/13,1.2422
8/11/13,1.2439
11/11/13,1.2468
12/11/13,1.248
13/11/13,1.2489
14/11/13,1.2464
15/11/13,1.2477
18/11/13,1.2462
19/11/13,1.2462
20/11/13,1.2435
21/11/13,1.2484
22/11/13,1.251
25/11/13,1.2522
26/11/13,1.2513
27/11/13,1.2524
28/11/13,1.2548
29/11/13,1.2555
2/12/13,1.2543
3/12/13,1.2562
4/12/13,1.254
5/12/13,1.2552
6/12/13,1.2537
9/12/13,1.251
10/12/13,1.2497
11/12/13,1.2495
12/12/13,1.2534
13/12/13,1.2555
16/12/13,1.2547
17/12/13,1.2552
18/12/13,1.258
19/12/13,1.2633
20/12/13,1.2667
23/12/13,1.2663
24/12/13,1.2677
26/12/13,1.2689
27/12/13,1.2677
30/12/13,1.2693
31/12/13,1.2653
2/1/14,1.2639
3/1/14,1.2673
6/1/14,1.2689
7/1/14,1.2695
8/1/14,1.2711
9/1/14,1.2722
10/1/14,1.2706
13/1/14,1.2639
14/1/14,1.2672
15/1/14,1.2708
16/1/14,1.2738
17/1/14,1.2728
20/1/14,1.2768
21/1/14,1.2763
22/1/14,1.278
23/1/14,1.2815
24/1/14,1.278
27/1/14,1.2775
28/1/14,1.2743
29/1/14,1.2729
30/1/14,1.2759
3/2/14,1.2779
4/2/14,1.2711
5/2/14,1.2699
6/2/14,1.2689
7/2/14,1.2684
10/2/14,1.2682
11/2/14,1.2691
12/2/14,1.265
13/2/14,1.2673
14/2/14,1.2653
17/2/14,1.2595
18/2/14,1.2617
19/2/14,1.2627
20/2/14,1.2648
21/2/14,1.2656
24/2/14,1.2673
25/2/14,1.2623
26/2/14,1.2645
27/2/14,1.2665
28/2/14,1.2672
3/3/14,1.2672
4/3/14,1.2703
5/3/14,1.2706
6/3/14,1.2677
7/3/14,1.2635
10/3/14,1.2685
11/3/14,1.2661
12/3/14,1.2688
13/3/14,1.2666
14/3/14,1.2665
17/3/14,1.2655
18/3/14,1.2644
19/3/14,1.2651
20/3/14,1.273
21/3/14,1.277
24/3/14,1.2716
25/3/14,1.2677
26/3/14,1.2686
27/3/14,1.2649
28/3/14,1.2614
31/3/14,1.2605
1/4/14,1.2588
2/4/14,1.26
3/4/14,1.2624
4/4/14,1.2639
7/4/14,1.2607
8/4/14,1.2595
9/4/14,1.2503
10/4/14,1.2485
11/4/14,1.2492
14/4/14,1.2512
15/4/14,1.2539
16/4/14,1.2527
17/4/14,1.2507
21/4/14,1.252
22/4/14,1.2547
23/4/14,1.2576
24/4/14,1.2563
25/4/14,1.2571
28/4/14,1.2567
29/4/14,1.2565
30/4/14,1.2565
2/5/14,1.2529
5/5/14,1.2509
6/5/14,1.2506
7/5/14,1.2479
8/5/14,1.2496
9/5/14,1.2476
12/5/14,1.2496
14/5/14,1.2507
15/5/14,1.2507
16/5/14,1.252
19/5/14,1.2508
20/5/14,1.2508
21/5/14,1.253
22/5/14,1.2506
23/5/14,1.2522
26/5/14,1.2533
27/5/14,1.2545
28/5/14,1.2552
29/5/14,1.2553
30/5/14,1.2548
2/6/14,1.2559
3/6/14,1.256
4/6/14,1.2581
5/6/14,1.2576
6/6/14,1.2529
9/6/14,1.2509
10/6/14,1.2507
11/6/14,1.2504
12/6/14,1.2499
13/6/14,1.2479
16/6/14,1.2506
17/6/14,1.2525
18/6/14,1.2541
19/6/14,1.2484
20/6/14,1.2493
23/6/14,1.2485
24/6/14,1.2491
25/6/14,1.251
26/6/14,1.2486
27/6/14,1.2486
30/6/14,1.249
1/7/14,1.2467
2/7/14,1.2464
3/7/14,1.2484
4/7/14,1.2465
7/7/14,1.2463
8/7/14,1.246
9/7/14,1.2429
10/7/14,1.2413
11/7/14,1.2424
14/7/14,1.2414
15/7/14,1.2425
16/7/14,1.2438
17/7/14,1.2418
18/7/14,1.2417
21/7/14,1.2408
22/7/14,1.2406
23/7/14,1.2389
24/7/14,1.2377
25/7/14,1.2412
29/7/14,1.242
30/7/14,1.2419
31/7/14,1.2458
1/8/14,1.2484
4/8/14,1.2462
5/8/14,1.2455
6/8/14,1.248
7/8/14,1.2494
8/8/14,1.2542
11/8/14,1.2495
12/8/14,1.2504
13/8/14,1.2501
14/8/14,1.248
15/8/14,1.2454
18/8/14,1.2449
19/8/14,1.2439
20/8/14,1.2485
21/8/14,1.2517
22/8/14,1.2488
25/8/14,1.2511
26/8/14,1.2503
27/8/14,1.2484
28/8/14,1.2465
29/8/14,1.2492
1/9/14,1.2493
2/9/14,1.2521
3/9/14,1.2548
4/9/14,1.2508
5/9/14,1.2556
8/9/14,1.2538
9/9/14,1.2615
10/9/14,1.2639
11/9/14,1.2632
12/9/14,1.2648
15/9/14,1.2656
16/9/14,1.2624
17/9/14,1.2617
18/9/14,1.269
19/9/14,1.2683
22/9/14,1.2651
23/9/14,1.2677
24/9/14,1.2672
25/9/14,1.2678
26/9/14,1.2702
29/9/14,1.2742
30/9/14,1.2728
1/10/14,1.2764
2/10/14,1.2703
3/10/14,1.2727
7/10/14,1.2775
8/10/14,1.2797
9/10/14,1.2698
10/10/14,1.2706
13/10/14,1.2715
14/10/14,1.2707
15/10/14,1.2764
16/10/14,1.2719
17/10/14,1.2743
20/10/14,1.2732
21/10/14,1.2688
23/10/14,1.272
24/10/14,1.2762
27/10/14,1.2744
28/10/14,1.2742
29/10/14,1.2727
30/10/14,1.2787
31/10/14,1.2779
3/11/14,1.2877
4/11/14,1.2892
5/11/14,1.2888
6/11/14,1.2954
7/11/14,1.296
10/11/14,1.2886
11/11/14,1.2906
12/11/14,1.2928
13/11/14,1.2923
14/11/14,1.2939
17/11/14,1.2957
18/11/14,1.2976
19/11/14,1.3003
20/11/14,1.3028
21/11/14,1.2977
24/11/14,1.2997
25/11/14,1.3025
26/11/14,1.3003
27/11/14,1.2975
28/11/14,1.3025
1/12/14,1.3089
2/12/14,1.3056
3/12/14,1.3114
4/12/14,1.3142
5/12/14,1.3137
8/12/14,1.3224
9/12/14,1.3206
10/12/14,1.3152
11/12/14,1.3099
12/12/14,1.3131
15/12/14,1.3128
16/12/14,1.3104
17/12/14,1.3043
18/12/14,1.3126
19/12/14,1.3139
22/12/14,1.3166
23/12/14,1.3211
24/12/14,1.324
26/12/14,1.3216
29/12/14,1.3226
30/12/14,1.3253
31/12/14,1.3213
2/1/15,1.3264
5/1/15,1.3352
6/1/15,1.3347
7/1/15,1.3353
8/1/15,1.3375
9/1/15,1.3366
12/1/15,1.3318
13/1/15,1.3337
14/1/15,1.336
15/1/15,1.334
16/1/15,1.3246
19/1/15,1.328
20/1/15,1.3379
21/1/15,1.3365
22/1/15,1.3346
23/1/15,1.3374
26/1/15,1.3452
27/1/15,1.3439
28/1/15,1.3518
29/1/15,1.3533
30/1/15,1.3512
2/2/15,1.3545
3/2/15,1.3527
4/2/15,1.345
5/2/15,1.3476
6/2/15,1.3449
9/2/15,1.3528
10/2/15,1.3528
11/2/15,1.3564
12/2/15,1.3617
13/2/15,1.3561
16/2/15,1.3545
17/2/15,1.355
18/2/15,1.3573
23/2/15,1.3603
24/2/15,1.3601
25/2/15,1.357
26/2/15,1.353
27/2/15,1.3568
2/3/15,1.3641
3/3/15,1.3646
4/3/15,1.3626
5/3/15,1.3685
6/3/15,1.3695
9/3/15,1.3813
10/3/15,1.3856
11/3/15,1.3874
12/3/15,1.3875
13/3/15,1.3839
16/3/15,1.3925
17/3/15,1.3892
18/3/15,1.3887
19/3/15,1.3809
20/3/15,1.3861
23/3/15,1.3777
24/3/15,1.3697
25/3/15,1.3661
26/3/15,1.3706
27/3/15,1.3694
30/3/15,1.3747
31/3/15,1.3765
1/4/15,1.3673
2/4/15,1.3628
6/4/15,1.3518
7/4/15,1.3565
8/4/15,1.3585
9/4/15,1.3561
10/4/15,1.3586
13/4/15,1.3686
14/4/15,1.3638
15/4/15,1.3635
16/4/15,1.3545
17/4/15,1.3491
20/4/15,1.345
21/4/15,1.3507
22/4/15,1.3503
23/4/15,1.3464
24/4/15,1.3405
27/4/15,1.3325
28/4/15,1.3293
29/4/15,1.3204
30/4/15,1.323
4/5/15,1.332
5/5/15,1.336
6/5/15,1.3277
7/5/15,1.3285
8/5/15,1.3328
11/5/15,1.3341
12/5/15,1.3396
13/5/15,1.3351
14/5/15,1.3209
15/5/15,1.321
18/5/15,1.3222
19/5/15,1.328
20/5/15,1.3361
21/5/15,1.3357
22/5/15,1.3321
25/5/15,1.3389
26/5/15,1.3448
27/5/15,1.3505
28/5/15,1.3508
29/5/15,1.3476
2/6/15,1.3554
3/6/15,1.3469
4/6/15,1.3467
5/6/15,1.3476
8/6/15,1.3603
9/6/15,1.3543
10/6/15,1.354
11/6/15,1.344
12/6/15,1.3444
15/6/15,1.3479
16/6/15,1.3459
17/6/15,1.3434
18/6/15,1.3358
19/6/15,1.3341
22/6/15,1.3321
23/6/15,1.339
24/6/15,1.342
25/6/15,1.3428
26/6/15,1.3437
29/6/15,1.3521
30/6/15,1.3474
1/7/15,1.3453
2/7/15,1.3517
3/7/15,1.3501
6/7/15,1.3514
7/7/15,1.3524
8/7/15,1.3565
9/7/15,1.3506
10/7/15,1.3487
13/7/15,1.3518
14/7/15,1.3609
15/7/15,1.361
16/7/15,1.3669
20/7/15,1.3729
21/7/15,1.3712
22/7/15,1.365
23/7/15,1.3674
24/7/15,1.3709
27/7/15,1.3695
28/7/15,1.3661
29/7/15,1.3637
30/7/15,1.3704
31/7/15,1.3728
3/8/15,1.3731
4/8/15,1.3806
5/8/15,1.3853
6/8/15,1.3838
11/8/15,1.3983
12/8/15,1.4119
13/8/15,1.3932
14/8/15,1.4042
17/8/15,1.4084
18/8/15,1.407
19/8/15,1.404
20/8/15,1.4032
21/8/15,1.409
24/8/15,1.4131
25/8/15,1.4057
26/8/15,1.4006
27/8/15,1.4018
28/8/15,1.4018
31/8/15,1.4135
1/9/15,1.4083
2/9/15,1.413
3/9/15,1.4163
4/9/15,1.4183
7/9/15,1.4249
8/9/15,1.4262
9/9/15,1.414
10/9/15,1.4212
14/9/15,1.4104
15/9/15,1.4011
16/9/15,1.4008
17/9/15,1.3988
18/9/15,1.4003